5,android.sensor.magnetic_field,-9.777832,18.862915,-26.646423
71,android.sensor.magnetic_field,-9.777832,20.909119,-25.64392
118,android.sensor.gravity,1.2039558,6.709168,7.0503864
168,android.sensor.gyroscope,0.16900635,0.06578064,-0.07272339
-220,sound,-Infinity
271,android.sensor.magnetic_field,-10.630798,20.39795,-26.812744
321,android.sensor.magnetic_field,-13.018799,20.056152,-25.810242
373,android.sensor.rotation_vector,0.32315454,-0.11634257,-0.13771597,0.9290155,0.17453292
423,android.sensor.rotation_vector,0.3217103,-0.111239165,-0.1438382,0.9292141,0.17453292
475,android.sensor.magnetic_field,-14.723206,19.715881,-23.472595
525,com.qti.sensor.rmd,2.0,0.0,0.0,0.0,0.0,0.0,0.0,0.0,0.0,0.0,0.0,0.0,0.0,0.0,0.0,0.0
576,android.sensor.gyroscope_uncalibrated,0.6272888,-0.23408508,-0.5577698,0.016021734,0.011657715,-0.02079773
626,android.sensor.game_rotation_vector,0.2569616,0.225816,0.6517498,0.6769048
677,android.sensor.accelerometer,-0.48231506,6.4102783,5.9441376
728,android.sensor.gravity,-0.35369945,6.3338346,7.4784904
779,android.sensor.magnetic_field_uncalibrated,-77.92206,-69.73724,-85.66742,-61.833984,-88.77106,-60.523987
841,android.sensor.gyroscope,0.48298645,-0.17611694,-0.45755005
894,android.sensor.accelerometer,-0.16749573,5.9652863,8.126389
938,android.sensor.gyroscope,0.3486023,-0.08570862,-0.022644043
985,android.sensor.gyroscope,0.15312195,-0.46199036,0.13250732
1039,android.sensor.orientation,26.167206,-42.429276,-0.30739072
1088,android.sensor.rotation_vector,0.3540205,-0.08438641,-0.20839225,0.90781116,0.17453292
1139,android.sensor.gyroscope_uncalibrated,0.1923523,0.10675049,0.08239746,0.016021734,0.011657715,-0.02079773
1192,android.sensor.gyroscope,0.0859375,-0.13700867,-0.08370972
1246,android.sensor.accelerometer,-0.08836365,6.400238,6.924942
1293,android.sensor.gravity,0.16758905,6.733011,7.128034
1345,android.sensor.magnetic_field,-18.644714,18.180847,-25.64392
1395,android.sensor.magnetic_field,-18.133545,19.715881,-25.143433
1445,android.sensor.rotation_vector,0.35058582,-0.10118005,-0.2008505,0.90912664,0.17453292
1497,android.sensor.gyroscope,0.051727295,0.019348145,0.14839172
1581,android.sensor.gravity,0.5546834,6.7538123,7.088634
1680,android.sensor.gravity,0.54813284,6.7939324,7.050704
1761,android.sensor.game_rotation_vector,0.29070672,0.23280923,0.64470404,0.6675674
1854,android.sensor.gyroscope,0.2557373,-0.075927734,0.07020569
1942,android.sensor.gravity,0.6586227,6.8203053,7.0156994
2035,android.sensor.magnetic_field,-19.326782,17.83905,-25.978088
2121,android.sensor.gyroscope_uncalibrated,-0.42582703,-0.07771301,0.20455933,0.016021734,0.011657715,-0.02079773
2212,android.sensor.gyroscope,0.10424805,0.020584106,0.25468445
2302,android.sensor.magnetic_field,-15.74707,20.056152,-27.146912
2393,android.sensor.gravity,1.1883801,6.6785197,7.082055
2481,android.sensor.rotation_vector,0.35088623,-0.13355564,-0.16184787,0.9126045,0.17453292
2572,android.sensor.game_rotation_vector,0.30869114,0.21351966,0.67731494,0.6327429
2661,android.sensor.gyroscope_uncalibrated,-0.092315674,-0.033721924,-0.124053955,0.016021734,0.011657715,-0.02079773
2750,android.sensor.gyroscope,-0.093673706,-0.014862061,0.26324463
2839,android.sensor.magnetic_field,-14.894104,20.22705,-25.978088
2922,android.sensor.magnetic_field_uncalibrated,-76.55792,-68.37311,-88.6734,-61.833984,-88.77106,-60.523987
3011,android.sensor.rotation_vector,0.3436948,-0.13399597,-0.15563676,0.91634935,0.17453292
3103,android.sensor.gyroscope,0.01751709,0.0095825195,0.009109497
3191,android.sensor.game_rotation_vector,0.30142704,0.2091961,0.67922604,0.6356341
3328,android.sensor.accelerometer,0.7215271,6.381302,7.5018616
3412,android.sensor.gravity,1.2225684,6.6723332,7.0820684
3502,android.sensor.gyroscope,0.0077209473,0.010787964,0.09829712
3591,android.sensor.accelerometer,0.9532318,6.7948914,7.6615295
3681,android.sensor.orientation,23.467987,-43.391,7.8637223
3773,android.sensor.gyroscope,0.032165527,-0.017303467,0.021347046
3863,android.sensor.accelerometer,1.435379,6.5998993,7.08873
3954,android.sensor.gyroscope,-0.026473999,-0.07348633,0.048202515
4045,android.sensor.gyroscope,-0.14863586,0.10487366,-0.25109863
4131,android.sensor.gravity,0.7916725,6.5888762,7.2201357
4221,android.sensor.gyroscope,0.09202576,0.19770813,0.028671265
4313,android.sensor.gyroscope,-0.21704102,0.014465332,-0.0446167
4401,android.sensor.magnetic_field_uncalibrated,-77.58179,-67.00897,-87.00256,-61.833984,-88.77106,-60.523987
4491,android.sensor.gyroscope,-0.47605896,0.75483704,-0.46366882
4583,android.sensor.magnetic_field,-18.304443,17.49878,-24.308777
4671,android.sensor.gyroscope,0.06517029,0.44940186,-0.0947113
4763,android.sensor.rotation_vector,0.3615321,-0.042278968,-0.20750523,0.9079915,0.17453292
4851,android.sensor.gyroscope_uncalibrated,-0.44291687,-0.46009827,0.010314941,0.016021734,0.011657715,-0.02079773
4941,android.sensor.gyroscope,0.19343567,-0.25306702,-0.17411804
5031,android.sensor.gyroscope,-0.21339417,-0.22865295,0.13250732
5125,com.qti.sensor.rmd,2.0,0.0,0.0,0.0,0.0,0.0,0.0,0.0,0.0,0.0,0.0,0.0,0.0,0.0,0.0,0.0
5218,android.sensor.gyroscope,0.3644867,-0.056381226,-0.039733887
5304,android.sensor.gyroscope,-0.33065796,0.0034637451,-0.13746643
5391,android.sensor.gravity,-0.052593462,7.0707436,6.7950134
5482,android.sensor.gravity,0.18836354,7.119526,6.741458
5572,android.sensor.rotation_vector,0.36049008,-0.12727158,-0.22470413,0.8963018,0.17453292
5661,android.sensor.magnetic_field,-20.350647,18.180847,-26.312256
5755,android.sensor.gyroscope,0.043167114,-0.05760193,0.0897522
5822,android.sensor.accelerometer,1.4564819,6.111084,5.6933136
5913,android.sensor.gyroscope,0.15922546,-0.11380005,0.18014526
5971,android.sensor.linear_acceleration,-0.49370992,-0.12810087,-0.20053959
6062,android.sensor.gyroscope,0.22764587,-0.2164154,0.23391724
6143,android.sensor.rotation_vector,0.3522705,-0.16794483,-0.19419132,0.8999943,0.17453292
6235,android.sensor.gyroscope,-0.15963745,-0.52308655,0.028671265
6321,android.sensor.gyroscope,-0.03137207,-0.2591858,0.0030212402
6411,android.sensor.gyroscope,0.24353027,0.12564087,-0.027526855
6543,android.sensor.rotation_vector,0.34075645,-0.18958952,-0.20076649,0.8986844,0.17453292
6636,android.sensor.gyroscope,-8.087158E-4,0.1879425,-0.1570282
6722,android.sensor.geomagnetic_rotation_vector,0.35609663,-0.16441046,-0.195291,0.89890254,0.17453292
6814,android.sensor.gyroscope,-0.08633423,0.21603394,-0.111816406
6901,android.sensor.gravity,1.4317099,6.4618425,7.236379
6992,android.sensor.gravity,1.3948133,6.6149335,7.10405
7086,android.sensor.magnetic_field,-19.326782,21.931458,-23.97461
7179,android.sensor.gravity,1.4256704,6.5691724,7.1402955
7262,android.sensor.gravity,1.2838163,6.655143,7.0874023
7328,android.sensor.gyroscope,0.09814453,-0.030731201,-0.0067596436
7418,android.sensor.gyroscope,0.5587311,0.27468872,-0.10081482
7509,android.sensor.gyroscope_uncalibrated,0.6077423,0.5771179,0.29130554,0.016021734,0.011657715,-0.02079773
7592,android.sensor.game_rotation_vector,0.31660622,0.26766443,0.64515185,0.64179075
7683,android.sensor.gravity,0.1438097,7.13547,6.7256804
7772,android.sensor.gyroscope_uncalibrated,-0.16317749,-0.81440735,-0.6274109,0.016021734,0.011657715,-0.02079773
7861,android.sensor.gyroscope,-0.2451477,-0.26530457,0.29866028
7952,android.sensor.gyroscope,0.10546875,-0.16999817,0.06776428
8043,android.sensor.accelerometer,1.5554962,6.657669,6.0963593
8132,android.sensor.rotation_vector,0.3458355,-0.11683777,-0.23628476,0.9005089,0.17453292
8224,android.sensor.gyroscope,0.011398315,0.02911377,-0.32806396
8315,android.sensor.gyroscope,-0.14987183,-0.3447113,0.0579834
8404,android.sensor.rotation_vector,0.33239207,-0.12092997,-0.26715803,0.8963917,0.17453292
8493,android.sensor.gravity,0.43021908,6.480238,7.347913
8581,android.sensor.gyroscope,0.29606628,0.36631775,0.24980164
8656,android.sensor.accelerometer,0.51934814,6.8121643,8.844345
8741,android.sensor.rotation_vector,0.34546486,-0.13253643,-0.26365265,0.8908285,0.17453292
8823,android.sensor.accelerometer,-0.09364319,6.505417,6.3844604
8913,android.sensor.orientation,35.665863,-42.699047,1.4970267
9005,android.sensor.geomagnetic_rotation_vector,0.329464,-0.11721929,-0.32288262,0.8794657,0.17453292
9092,android.sensor.linear_acceleration,0.55352014,-0.62961006,-1.1728902
9183,android.sensor.gravity,0.5748633,6.8226395,7.0207915
9276,android.sensor.gyroscope,-0.77293396,-0.6440277,0.2217102
9368,android.sensor.gyroscope,-0.408844,-0.5695038,-0.11791992
9457,android.sensor.geomagnetic_rotation_vector,0.2803121,-0.14900056,-0.44029278,0.83986086,0.17453292
9543,android.sensor.accelerometer,2.3989258,7.4398193,4.7042694
9631,android.sensor.accelerometer,-1.4031067,7.9662933,8.53627
9721,android.sensor.linear_acceleration,-2.035472,-0.25629997,2.0183687
9789,android.sensor.rotation_vector,0.24867223,-0.032477695,-0.34963426,0.90269774,0.17453292
9874,android.sensor.rotation_vector,0.2599637,-0.04531412,-0.36471578,0.8929434,0.17453292
9961,android.sensor.magnetic_field_uncalibrated,-96.67816,-104.52118,-81.9931,-61.833984,-88.77106,-60.523987
10051,android.sensor.game_rotation_vector,0.1724523,0.1985169,0.63036495,0.73040485
10141,android.sensor.rotation_vector,0.2566776,-0.09527996,-0.4047157,0.87249273,0.17453292
10228,android.sensor.geomagnetic_rotation_vector,0.20884675,-0.17064454,-0.7026148,0.65848005,0.17453292
10313,android.sensor.accelerometer,-0.8795471,4.6538086,8.157776
10386,android.sensor.gravity,-0.7012084,5.0157285,8.397688
10471,android.sensor.gyroscope,-0.64585876,-1.8291016,0.0017852783
10562,android.sensor.gyroscope_uncalibrated,0.9046173,-0.33059692,0.02619934,0.016021734,0.011657715,-0.02079773
10653,android.sensor.linear_acceleration,-0.2471073,0.4966178,-0.30132914
10742,android.sensor.gyroscope,0.9545746,-0.02949524,0.19726563
10822,android.sensor.gyroscope,-0.39419556,0.03767395,-0.1435852
10912,android.sensor.rotation_vector,0.31383473,-0.2477742,-0.54046875,0.74027646,0.17453292
11004,android.sensor.gyroscope,0.6906738,-0.42045593,-0.5039978
11093,android.sensor.accelerometer,-2.0318298,5.7997894,13.054031
11184,android.sensor.rotation_vector,0.3461496,-0.2522701,-0.581358,0.6917826,0.17453292
11271,android.sensor.gyroscope,0.29362488,-0.0625,-0.43922424
11361,android.sensor.gyroscope,0.5110779,-0.3630371,0.21435547
11451,android.sensor.gravity,-1.0627387,7.6656127,6.0232344
11542,android.sensor.gravity,-1.5311712,6.401862,7.2692547
11631,android.sensor.gravity,-0.72288716,5.376923,8.169243
11721,android.sensor.gyroscope,-0.15597534,0.5104828,0.22903442
11813,android.sensor.accelerometer,0.48493958,4.605057,6.451172
11910,android.sensor.gyroscope,0.16166687,-2.6501007,0.21679688
11994,android.sensor.gyroscope,1.4017181,0.21115112,2.3902588
12081,android.sensor.rotation_vector,0.20780818,-0.28599608,-0.64403933,0.6784065,0.17453292
12172,android.sensor.gyroscope,1.0804138,0.17817688,-0.23033142
12262,android.sensor.accelerometer,0.22807312,7.8044434,4.583206
12353,android.sensor.gyroscope,0.13601685,0.019348145,0.15937805
12444,android.sensor.gyroscope,0.2215271,0.1402893,-0.0605011
12534,android.sensor.accelerometer,-0.037521362,7.822159,6.6147156
12602,android.sensor.rotation_vector,0.30024487,-0.32576936,-0.6306952,0.6371427,0.17453292
12683,android.sensor.rotation_vector,0.29615805,-0.33204046,-0.6352434,0.6312728,0.17453292
12756,android.sensor.gyroscope,-0.15597534,0.024230957,0.010345459
12841,android.sensor.magnetic_field,-30.239868,-5.3497314,9.757996
12932,android.sensor.gyroscope,0.015075684,-0.28727722,-0.022644043
13029,android.sensor.rotation_vector,0.26642326,-0.37431258,-0.65413225,0.6008492,0.17453292
13112,android.sensor.magnetic_field,-29.898071,-5.3497314,14.100647
13197,android.sensor.accelerometer,1.4245911,7.469116,5.432129
13283,android.sensor.game_rotation_vector,0.4106372,0.18960686,0.543709,0.7069702
13343,android.sensor.gravity,2.2345603,7.7909055,5.5207715
13534,android.sensor.rotation_vector,-0.0074768313,-0.59103274,-0.61129296,0.52625597,0.17453292
13622,android.sensor.gyroscope,-2.2866364,-5.0275726,2.2399902
13713,android.sensor.gyroscope,-1.5707092,-1.3135376,1.4629669
13804,android.sensor.gyroscope,3.0168457,-2.9824219,0.7201538
13891,android.sensor.gyroscope,2.0089111,-3.3367004,1.6156769
13988,android.sensor.magnetic_field,-41.322327,15.623474,3.579712
14133,android.sensor.linear_acceleration,8.998766,-1.6556444,1.4117036
14222,android.sensor.gyroscope,-0.09977722,-0.17611694,0.4257202
14303,android.sensor.gravity,6.2754292,-5.5550623,-5.0922155
14365,android.sensor.accelerometer,8.756012,-8.169708,-0.8124542
14452,android.sensor.orientation,304.53772,135.24384,37.98319
14545,android.sensor.rotation_vector,-0.72861385,-0.52308625,-0.1169373,0.42641333,0.17453292
14609,android.sensor.rotation_vector,-0.696566,-0.5423038,-0.13590649,0.44970194,0.17453292
14703,android.sensor.gyroscope_uncalibrated,2.7763062,3.624115,-0.2975464,0.016021734,0.011657715,-0.02079773
14785,android.sensor.accelerometer,4.733383,-3.3789978,-2.7814484
14874,android.sensor.game_rotation_vector,0.3804078,-0.61405534,0.63153106,0.28177017
14966,android.sensor.gyroscope,0.0859375,-1.2231293,0.89608765
15053,com.qti.sensor.rmd,1.0,0.0,0.0,0.0,0.0,0.0,0.0,0.0,0.0,0.0,0.0,0.0,0.0,0.0,0.0,0.0
15142,android.sensor.rotation_vector,-0.5663368,-0.5790712,0.05440112,0.5839346,0.17453292
15233,android.sensor.accelerometer,9.2582855,-13.714081,-2.5546722
15323,android.sensor.gravity,4.4170413,-5.637746,-6.6989517
15414,android.sensor.orientation,288.81354,147.87949,26.375254
15476,android.sensor.gyroscope,0.6185913,0.13052368,-2.7592926
15571,android.sensor.orientation,266.48422,157.27272,33.24887
15665,android.sensor.gyroscope,-0.65197754,11.264114,-6.878952
-15754,sound,89.78397708501355
15827,android.sensor.accelerometer,9.234222,1.6007996,-1.1935577
15915,android.sensor.game_rotation_vector,0.6198682,-0.51451004,0.34112462,0.48443457
16002,android.sensor.accelerometer,9.3797,0.7550659,-2.8637543
16095,android.sensor.orientation,182.04552,-132.42259,71.22765
16178,android.sensor.accelerometer,8.129211,0.35050964,-0.71733093
16263,android.sensor.rotation_vector,-0.2111699,-0.5495913,-0.42565152,0.68715173,0.17453292
16354,android.sensor.accelerometer,7.3631897,-0.23684692,4.800949
16442,android.sensor.geomagnetic_rotation_vector,0.5588293,-0.2878978,0.67575276,0.38494527,3.1415927
16533,android.sensor.gyroscope,-0.34777832,-0.74053955,0.2192688
16625,android.sensor.accelerometer,9.620804,-0.21226501,3.3423004
16719,android.sensor.gyroscope,-0.13154602,-0.6635742,0.19482422
16803,android.sensor.rotation_vector,-0.33082137,-0.49531975,-0.4543431,0.6624107,0.17453292
16896,android.sensor.gyroscope,-0.32577515,-0.6208191,0.21559143
16986,android.sensor.accelerometer,9.47406,-1.6679688,1.3862915
17057,android.sensor.gyroscope_uncalibrated,-0.28044128,-0.3208313,0.1764679,0.016021734,0.011657715,-0.02079773
17145,android.sensor.linear_acceleration,0.93127537,-0.793091,0.18635094
17232,android.sensor.gyroscope_uncalibrated,-0.45147705,-0.33059692,0.1947937,0.016021734,0.011657715,-0.02079773
17324,android.sensor.orientation,16.030579,63.276608,82.27113
17413,android.sensor.rotation_vector,-0.4969855,-0.49554288,-0.43304148,0.56561273,0.17453292
17507,android.sensor.linear_acceleration,-0.1403246,-0.32280374,0.6100333
17600,android.sensor.accelerometer,8.820663,-1.5528412,-1.4004059
17689,android.sensor.gravity,9.716279,-1.086528,-0.7640485
17785,android.sensor.accelerometer,7.69516,-1.2310181,-0.5210571
17875,android.sensor.gyroscope,-0.2793579,-0.3642578,0.34875488
17963,android.sensor.magnetic_field,-3.981018,16.816711,-2.5985718
18053,android.sensor.rotation_vector,0.097825535,-0.81491417,0.18134838,0.54171747,0.17453292
18144,android.sensor.gyroscope,-0.41375732,-0.4949646,0.053100586
18236,android.sensor.gravity,7.951227,-1.393645,-5.5683146
18325,android.sensor.gyroscope_uncalibrated,-0.37573242,0.7444916,-0.083740234,0.016021734,0.011657715,-0.02079773
18419,android.sensor.gravity,8.468088,-1.119281,-4.8175807
18502,android.sensor.game_rotation_vector,0.26129273,-0.8505516,0.18574628,0.41687697
18591,android.sensor.gyroscope_uncalibrated,0.13371277,0.054214478,0.07261658,0.016021734,0.011657715,-0.02079773
18684,android.sensor.rotation_vector,0.070198655,-0.90148,0.092224754,0.41701382,0.17453292
18771,android.sensor.magnetic_field_uncalibrated,-66.6687,-69.055176,-62.956238,-61.833984,-88.77106,-60.523987
18861,android.sensor.geomagnetic_rotation_vector,0.113118365,-0.886285,0.1251075,0.43133652,0.17453292
18946,android.sensor.game_rotation_vector,0.27035344,-0.88966864,0.17225093,0.32515892
19032,android.sensor.gravity,6.443695,-1.3398995,-7.270066
19113,android.sensor.rotation_vector,0.07876629,-0.9317644,0.10504446,0.33849165,0.17453292
19201,android.sensor.rotation_vector,0.076370336,-0.932974,0.10870077,0.33453134,0.17453292
19293,android.sensor.geomagnetic_rotation_vector,0.090482086,-0.91715866,0.111112215,0.37186962,0.17453292
19365,android.sensor.gyroscope_uncalibrated,0.13493347,0.06765747,0.12025452,0.016021734,0.011657715,-0.02079773
19449,android.sensor.gravity,6.2986965,-1.833143,-7.2894716
19545,android.sensor.gyroscope,0.063934326,0.09753418,0.19847107
19633,android.sensor.gravity,6.402352,-2.1530428,-7.1094785
19723,android.sensor.gravity,6.45334,-2.2895765,-7.020159
19812,android.sensor.accelerometer,7.09639,-1.6580963,-5.854828
19906,android.sensor.gyroscope,-0.060684204,0.032791138,-0.21200562
19994,android.sensor.magnetic_field,-2.2766113,19.885254,-6.272888
20082,android.sensor.linear_acceleration,1.0415988,0.78799665,0.72929764
20173,android.sensor.game_rotation_vector,0.2572334,-0.8814986,0.17839642,0.3535052
20266,android.sensor.geomagnetic_rotation_vector,0.09331399,-0.90193427,0.09695911,0.41037297,0.17453292
20350,android.sensor.gyroscope_uncalibrated,-0.3525238,0.66018677,-0.28778076,0.016021734,0.011657715,-0.02079773
20444,android.sensor.rotation_vector,0.07849155,-0.88555276,0.06042167,0.45385528,0.17453292
20531,android.sensor.magnetic_field_uncalibrated,-65.13367,-63.42926,-54.43878,-61.833984,-88.77106,-60.523987
20620,android.sensor.accelerometer,8.528458,2.1864471,-1.4276123
20717,android.sensor.accelerometer,8.863632,0.023391724,-4.73909
20802,android.sensor.geomagnetic_rotation_vector,-0.027583644,-0.8649771,-0.033559605,0.49992752,0.17453292
20892,android.sensor.accelerometer,8.772781,-0.08729553,-5.2819214
20984,android.sensor.gyroscope,-0.037460327,-0.031936646,0.040878296
21070,android.sensor.game_rotation_vector,0.22152466,-0.8582326,0.14426419,0.43994486
21165,android.sensor.accelerometer,8.610016,0.1738739,-5.1157074
21256,android.sensor.gyroscope,0.055374146,-0.12968445,0.0592041
21348,android.sensor.linear_acceleration,0.16813374,0.50628006,0.48923254
21432,android.sensor.rotation_vector,-0.010126754,-0.889468,0.022216264,0.45634475,0.17453292
21522,android.sensor.gravity,7.9812407,-0.42770237,-5.6821876
21613,android.sensor.gyroscope,0.016281128,-0.020965576,-0.0128479
21704,android.sensor.gyroscope_uncalibrated,0.05430603,0.02734375,-0.038528442,0.016021734,0.011657715,-0.02079773
21798,android.sensor.accelerometer,8.451935,-0.03236389,-5.217575
21899,android.sensor.gyroscope,0.07614136,0.016906738,-0.033615112
21984,android.sensor.gravity,8.130231,-0.28794485,-5.476023
22075,android.sensor.magnetic_field_uncalibrated,-63.42926,-64.793396,-57.77893,-61.833984,-88.77106,-60.523987
22172,android.sensor.gravity,8.189802,-0.13895899,-5.3924227
22274,android.sensor.gyroscope,0.016281128,-0.16999817,0.01890564
22364,android.sensor.magnetic_field,-1.423645,25.170898,2.911377
22452,android.sensor.gyroscope_uncalibrated,0.022537231,-0.050842285,-0.036087036,0.016021734,0.011657715,-0.02079773
22545,android.sensor.magnetic_field,-0.059509277,24.490356,3.579712
22604,android.sensor.game_rotation_vector,0.24031545,-0.85501915,0.12751134,0.44151056
22698,android.sensor.gyroscope,-0.03137207,-0.047821045,-0.06661987
22787,android.sensor.gyroscope_uncalibrated,0.06895447,0.05177307,-0.036087036,0.016021734,0.011657715,-0.02079773
22877,android.sensor.gyroscope,0.15190125,0.079208374,0.026229858
22962,android.sensor.accelerometer,8.556793,0.2074585,-5.2786713
23055,android.sensor.gyroscope_uncalibrated,0.28399658,0.022445679,0.06285095,0.016021734,0.011657715,-0.02079773
23145,android.sensor.accelerometer,8.323242,0.080200195,-5.2905884
23237,android.sensor.geomagnetic_rotation_vector,0.018182442,-0.88284016,0.017046873,0.46901175,0.17453292
23329,android.sensor.rotation_vector,0.0045636324,-0.8776489,0.053882707,0.47624385,0.17453292
23423,android.sensor.gyroscope,0.0101623535,0.051116943,-0.05317688
23517,android.sensor.magnetic_field,-0.5706787,22.613525,-2.5985718
23603,android.sensor.magnetic_field_uncalibrated,-63.087463,-65.13367,-65.79437,-61.833984,-88.77106,-60.523987
23694,android.sensor.gyroscope,-0.052139282,0.0059051514,-0.031173706
23785,android.sensor.game_rotation_vector,0.25129786,-0.8398196,0.17496932,0.4482612
23882,android.sensor.gyroscope,0.0101623535,0.0010223389,0.016448975
23965,android.sensor.gyroscope,0.0101623535,0.0022583008,0.007904053
24051,android.sensor.gyroscope_uncalibrated,0.03353882,-0.0032043457,-0.0031280518,0.016021734,0.011657715,-0.02079773
24142,android.sensor.rotation_vector,0.030643903,-0.8754209,0.055280164,0.47921112,0.17453292
24516,android.sensor.accelerometer,8.320679,-0.53453064,-5.290634
24609,android.sensor.magnetic_field,-1.423645,24.830627,-5.104065
24691,android.sensor.rotation_vector,0.04171735,-0.87471956,0.059245225,0.47918198,0.17453292
24784,android.sensor.gyroscope,0.013839722,0.008346558,-0.0030822754
24871,android.sensor.gyroscope,0.0028381348,-0.0038604736,0.006668091
24961,android.sensor.magnetic_field,-1.083374,23.808289,-5.104065
25053,android.sensor.gyroscope,0.0077209473,-0.0050964355,-0.007965088
25143,android.sensor.gyroscope,0.005279541,-1.8310547E-4,0.0042266846
25234,android.sensor.gyroscope,0.019958496,-0.007537842,0.0054626465
25308,android.sensor.rotation_vector,0.0488291,-0.8743483,0.06252257,0.47877103,0.17453292
25392,android.sensor.accelerometer,8.312302,-0.58377075,-5.1180573
25482,android.sensor.accelerometer,8.314026,-0.5300293,-5.3359833
25573,android.sensor.gravity,8.268947,-0.5962762,-5.23826
25665,android.sensor.accelerometer,8.360428,-0.538147,-5.2335663
25753,android.sensor.gyroscope_uncalibrated,0.024978638,-0.005645752,-0.022659302,0.016021734,0.011657715,-0.02079773
25842,android.sensor.gyroscope,0.0101623535,-0.0050964355,-0.0067596436
25932,android.sensor.game_rotation_vector,0.2599089,-0.8364628,0.17517975,0.4495435
26022,android.sensor.rotation_vector,0.05644181,-0.87400913,0.06430826,0.47831663,0.17453292
26113,android.sensor.accelerometer,8.28093,-0.51319885,-5.261963
26221,android.sensor.accelerometer,8.341339,-0.5630188,-5.28479
26337,android.sensor.gyroscope,0.01751709,-0.014862061,-6.5612793E-4
26421,android.sensor.magnetic_field,-2.445984,23.808289,-4.43573
26493,android.sensor.gyroscope,0.0040740967,-0.0050964355,0.0042266846
26583,android.sensor.geomagnetic_rotation_vector,0.071972325,-0.8730087,0.0703914,0.47720098,0.17453292
26673,android.sensor.magnetic_field,-1.2527466,24.659729,-3.9352417
26744,android.sensor.gyroscope,0.019958496,0.0022583008,5.79834E-4
26834,android.sensor.accelerometer,8.22081,-0.5300751,-5.2971954
26895,android.sensor.gyroscope,0.013839722,-0.0050964355,0.0042266846
26982,android.sensor.gyroscope,0.01751709,0.0010223389,0.007904053
27036,android.sensor.gyroscope,0.018722534,-0.0026397705,5.79834E-4
27127,android.sensor.accelerometer,8.2799225,-0.51530457,-5.3089294
27215,android.sensor.gravity,8.256682,-0.586456,-5.258675
27329,android.sensor.gravity,8.259773,-0.5796962,-5.254568
27420,android.sensor.geomagnetic_rotation_vector,0.067262836,-0.87318367,0.068645515,0.47782195,0.17453292
27513,android.sensor.magnetic_field_uncalibrated,-62.236023,-65.304565,-64.95972,-61.833984,-88.77106,-60.523987
27602,android.sensor.gravity,8.252383,-0.623959,-5.261105
27693,android.sensor.gyroscope,0.013839722,-0.0050964355,5.79834E-4
27782,android.sensor.magnetic_field_uncalibrated,-63.087463,-65.815735,-64.45923,-61.833984,-88.77106,-60.523987
27872,android.sensor.gyroscope,-0.015487671,0.0059051514,-0.010406494
27963,android.sensor.gyroscope,0.008956909,-0.007537842,-0.0030822754
28051,android.sensor.game_rotation_vector,0.26806515,-0.83396584,0.17950721,0.44768202
28143,android.sensor.rotation_vector,0.06359477,-0.8736238,0.06823604,0.47757828,0.17453292
28197,android.sensor.game_rotation_vector,0.2688085,-0.83379555,0.17910406,0.447715
28282,android.sensor.game_rotation_vector,0.26870853,-0.8335318,0.1801001,0.44786647
28371,android.sensor.game_rotation_vector,0.27003258,-0.83355325,0.17986992,0.44712213
28482,android.sensor.gyroscope,0.026046753,-0.0026397705,0.017669678
28571,android.sensor.rotation_vector,0.06470078,-0.8739132,0.06954508,0.47671053,0.17453292
28668,android.sensor.gyroscope,-0.003250122,-0.0050964355,-0.0043182373
28753,android.sensor.accelerometer,8.304062,-0.5557556,-5.2919617
28841,android.sensor.linear_acceleration,-0.02703476,0.043525398,0.050958633
28930,android.sensor.gyroscope,0.018722534,0.008346558,0.0030212402
29025,android.sensor.accelerometer,8.331345,-0.5319824,-5.3502197
29118,android.sensor.rotation_vector,0.06665179,-0.8737382,0.07002875,0.47669175,0.17453292
29201,android.sensor.gyroscope_uncalibrated,0.03718567,0.011474609,-0.026321411,0.016021734,0.011657715,-0.02079773
29294,android.sensor.gravity,8.260377,-0.57656795,-5.253963
29383,android.sensor.gyroscope,0.0016326904,-1.8310547E-4,0.016448975
29473,android.sensor.accelerometer,8.29631,-0.58277893,-5.3818665
29561,android.sensor.game_rotation_vector,0.27439433,-0.8324784,0.18150015,0.44580844
29653,android.sensor.linear_acceleration,-0.013562202,0.023747027,0.0953722
29742,android.sensor.game_rotation_vector,0.27496335,-0.83185077,0.18041562,0.44706783
29820,android.sensor.magnetic_field_uncalibrated,-63.94043,-65.98663,-65.62805,-61.833984,-88.77106,-60.523987
29906,android.sensor.rotation_vector,0.06689285,-0.8740933,0.06770629,0.47634247,0.17453292
29992,android.sensor.gyroscope,-0.08633423,-0.060043335,-0.091049194
30074,android.sensor.linear_acceleration,0.23858356,0.10238135,0.058504105
30163,android.sensor.magnetic_field,-1.083374,22.102356,-2.0980835
30251,android.sensor.magnetic_field,-2.2766113,21.24939,-3.6010742
30341,android.sensor.gravity,8.319271,0.12940079,-5.1907005
30433,android.sensor.magnetic_field,-3.2989502,21.24939,-3.2669067
30521,android.sensor.geomagnetic_rotation_vector,0.080134936,-0.87129754,0.03600653,0.48282763,0.17453292
30611,android.sensor.gyroscope,0.0077209473,-0.009979248,-0.062942505
30701,android.sensor.magnetic_field,-2.7877808,21.762085,-2.432251
30791,android.sensor.geomagnetic_rotation_vector,0.088514306,-0.8702658,0.024514223,0.4839439,0.17453292
30883,android.sensor.gyroscope,0.0028381348,0.035232544,-0.047058105
30971,android.sensor.gravity,8.298705,0.7050491,-5.177334
31062,android.sensor.accelerometer,8.398697,0.84687805,-5.2983856
31155,android.sensor.magnetic_field,-4.322815,22.273254,-2.5985718
31245,android.sensor.accelerometer,8.212677,0.79789734,-5.2786713
31334,android.sensor.gravity,8.202875,0.74091893,-5.3229947
31425,android.sensor.geomagnetic_rotation_vector,0.0972881,-0.8715955,0.010193956,0.48036692,0.17453292
31511,android.sensor.game_rotation_vector,0.3343826,-0.8119461,0.14166802,0.45701423
31569,android.sensor.gyroscope_uncalibrated,0.035980225,0.038330078,-0.021453857,0.016021734,0.011657715,-0.02079773
31660,android.sensor.gravity,8.222613,0.738686,-5.292765
31751,android.sensor.gravity,8.224459,0.73354304,-5.2906127
31841,android.sensor.gyroscope,0.018722534,0.020584106,0.007904053
31934,android.sensor.gyroscope,0.0101623535,-0.0038604736,0.010345459
32022,android.sensor.gyroscope,0.022399902,-0.00630188,0.011550903
32114,android.sensor.accelerometer,8.251938,0.7901459,-5.311157
32204,android.sensor.gyroscope,0.011398315,-0.0026397705,0.016448975
32296,android.sensor.magnetic_field,-5.004883,20.22705,-3.2669067
32385,android.sensor.linear_acceleration,3.2806396E-4,0.06772834,-0.04768324
32472,android.sensor.accelerometer,8.311432,0.6888733,-5.283066
32551,android.sensor.gyroscope,0.026046753,0.016906738,0.012786865
32644,android.sensor.gyroscope_uncalibrated,0.04574585,0.020004272,-0.019012451,0.016021734,0.011657715,-0.02079773
32732,android.sensor.game_rotation_vector,0.3369613,-0.8086077,0.15020308,0.45831186
32822,android.sensor.gyroscope,0.0040740967,0.012023926,-0.0067596436
32912,android.sensor.rotation_vector,0.10487518,-0.8694591,0.019792734,0.48233843,0.17453292
33001,android.sensor.game_rotation_vector,0.3384986,-0.80736846,0.15054256,0.45925137
33091,android.sensor.game_rotation_vector,0.33897156,-0.8070709,0.150715,0.45936897
33182,android.sensor.gravity,8.269739,0.6582845,-5.229576
33273,android.sensor.accelerometer,8.2547455,0.6811981,-5.2972107
33366,android.sensor.gyroscope,0.008956909,-0.012420654,0.0017852783
33454,android.sensor.linear_acceleration,-0.014616013,0.029467225,0.052332878
33548,android.sensor.magnetic_field,-3.4698486,21.080017,-3.767395
33604,android.sensor.gyroscope_uncalibrated,0.031097412,4.7302246E-4,-0.021453857,0.016021734,0.011657715,-0.02079773
33693,android.sensor.magnetic_field_uncalibrated,-65.304565,-65.98663,-63.290405,-61.833984,-88.77106,-60.523987
33788,android.sensor.gyroscope,0.012634277,0.0059051514,-6.5612793E-4
33871,android.sensor.gravity,8.245074,0.6837319,-5.265135
33962,android.sensor.accelerometer,8.199936,0.6903534,-5.3234863
34056,android.sensor.gyroscope,0.018722534,-0.017303467,0.043319702
34143,android.sensor.gravity,8.215379,0.6430971,-5.316424
34231,android.sensor.gyroscope,0.012634277,-0.07102966,0.028671265
34306,android.sensor.gravity,8.157303,0.61508954,-5.408368
34392,android.sensor.gravity,8.182491,0.6062113,-5.3711944
34482,android.sensor.geomagnetic_rotation_vector,0.09745353,-0.8724372,0.013024077,0.47873428,0.17453292
34574,android.sensor.gyroscope,3.9672852E-4,-0.03437805,0.03967285
34664,android.sensor.accelerometer,8.267822,0.6340332,-5.4029083
34742,android.sensor.accelerometer,8.392853,0.6051941,-5.3756256
34832,android.sensor.magnetic_field,-4.1519165,22.444153,-1.763916
34924,android.sensor.accelerometer,8.527542,0.21707153,-5.563095
35013,android.sensor.gyroscope,0.5526123,0.20018005,0.29499817
35101,android.sensor.accelerometer,8.084549,-0.71543884,-4.9279785
35161,android.sensor.gravity,8.397588,-1.0075465,-4.9634414
35244,android.sensor.gyroscope,0.15800476,0.37365723,-0.05317688
35331,android.sensor.gravity,8.422768,-1.0367486,-4.9145217
35422,android.sensor.rotation_vector,0.11331612,-0.85963583,0.119079724,0.4837414,0.17453292
35506,android.sensor.gyroscope,0.2239685,-0.42778015,-0.10449219
35592,android.sensor.gyroscope_uncalibrated,0.4586792,-0.22796631,-0.11306763,0.016021734,0.011657715,-0.02079773
35668,android.sensor.gyroscope,-0.12542725,-0.3117218,-0.21565247
35760,android.sensor.gravity,7.960166,-0.8017899,-5.6712675
35852,android.sensor.gravity,7.2143483,-0.6531305,-6.610369
35949,android.sensor.accelerometer,8.571594,-4.539505,-10.864731
36035,android.sensor.gyroscope,-0.07046509,2.1866913,6.0053406
36122,android.sensor.gravity,7.2743616,-3.9255695,-5.2767367
36213,android.sensor.linear_acceleration,0.3520255,1.4494209,-7.93402
36467,android.sensor.rotation_vector,-0.18895262,-0.72454727,0.534863,0.39147118,0.17453292
36559,android.sensor.gravity,2.2986095,-9.419584,1.4690844
36641,android.sensor.accelerometer,6.0539246,-4.748947,2.3073273
36731,android.sensor.gyroscope_uncalibrated,-0.9743805,-2.2963562,-3.7098236,0.016021734,0.011657715,-0.02079773
36825,android.sensor.accelerometer,5.8908234,-6.330139,0.62120056
36911,android.sensor.magnetic_field,4.373169,15.281677,50.33722
37001,android.sensor.rotation_vector,0.5555276,-0.68225205,0.3909783,0.2702909,0.17453292
37091,android.sensor.rotation_vector,0.61542195,-0.62032676,0.41123375,0.2594944,0.17453292
37182,android.sensor.magnetic_field_uncalibrated,-62.065125,-35.466003,-104.2038,-61.833984,-88.77106,-60.523987
37268,android.sensor.accelerometer,8.623596,-0.15727234,-1.0496063
37361,android.sensor.accelerometer,10.083221,2.4894867,-4.198532
37467,android.sensor.magnetic_field,8.636475,-23.764038,-46.017456
37554,android.sensor.orientation,312.18628,-54.471237,61.23554
37648,android.sensor.game_rotation_vector,0.3230628,-0.015955409,0.86191535,0.39048398
37747,android.sensor.gyroscope,-1.2176361,1.7224274,-0.7397766
37835,android.sensor.magnetic_field_uncalibrated,8.525085,-72.63641,-86.16791,-61.833984,-88.77106,-60.523987
37929,android.sensor.gyroscope,0.7835388,-0.40579224,-0.59928894
38013,android.sensor.rotation_vector,0.11852195,-0.02178815,0.46279433,0.8782364,0.17453292
38100,android.sensor.rotation_vector,0.1376261,0.013626878,0.45514023,0.87961394,0.17453292
38192,android.sensor.gyroscope_uncalibrated,-0.09963989,0.25213623,-0.044647217,0.016021734,0.011657715,-0.02079773
38285,android.sensor.gyroscope,-0.08023071,0.07676697,0.13006592
38372,android.sensor.rotation_vector,0.10634979,0.078468174,0.48670506,0.86351067,0.17453292
38468,android.sensor.rotation_vector,0.123231806,0.07006448,0.48178235,0.8647489,0.17453292
38551,android.sensor.rotation_vector,0.12625189,0.06625613,0.48459792,0.8630385,0.17453292
38641,android.sensor.magnetic_field,84.17053,14.941406,-31.822205
38732,android.sensor.gyroscope,-0.060684204,-0.15411377,-0.08982849
38825,android.sensor.accelerometer,0.5107727,3.139206,8.202103
38915,android.sensor.magnetic_field,84.51233,9.484863,-36.499023
39005,android.sensor.gyroscope_uncalibrated,-0.5760956,-0.6152649,0.104385376,0.016021734,0.011657715,-0.02079773
39092,android.sensor.gyroscope,-0.2622528,-0.16755676,-0.071502686
39183,android.sensor.gyroscope,0.04560852,0.22338867,-0.16191101
39270,android.sensor.accelerometer,1.0687561,3.2074738,9.076675
39359,android.sensor.accelerometer,1.4299011,3.4346619,9.340591
39444,android.sensor.gyroscope,-0.12910461,0.048675537,-0.032409668
39533,android.sensor.rotation_vector,0.15198606,0.038158357,0.4855889,0.8600277,0.17453292
39584,android.sensor.gyroscope,-0.18284607,0.05722046,0.028671265
39672,android.sensor.gravity,0.91642636,2.8103502,9.3505335
39761,android.sensor.gyroscope,0.03340149,0.07798767,-0.0067596436
39874,android.sensor.accelerometer,0.9632721,3.1533966,10.095291
39961,android.sensor.accelerometer,1.0467834,3.3526459,9.000198
40066,android.sensor.accelerometer,1.1980133,2.899063,9.167023
40310,android.sensor.gyroscope,0.06149292,-0.028289795,-0.0043182373
40391,android.sensor.geomagnetic_rotation_vector,0.16964065,0.044527147,0.5915829,0.7869365,3.1415927
40489,android.sensor.accelerometer,1.3949585,3.0380554,9.318405
40582,android.sensor.gravity,1.1519072,3.075264,9.240468
40672,android.sensor.rotation_vector,0.16540276,0.02590289,0.49309316,0.8537155,0.17453292
40763,android.sensor.gyroscope,-0.025253296,0.02178955,0.05432129
41021,android.sensor.gravity,1.2174543,2.5170646,9.399605
41117,android.sensor.gravity,1.10431,2.5514915,9.404295
41206,android.sensor.gyroscope,1.2575684,0.37974548,0.24736023
41295,android.sensor.gravity,1.102186,3.9868047,8.8916235
41382,android.sensor.gyroscope,0.79208374,0.32356262,0.84965515
41473,android.sensor.gyroscope,0.12135315,0.5117035,0.47705078
41560,android.sensor.gravity,0.76989716,4.9325724,8.440816
41737,android.sensor.gravity,0.8051658,4.634344,8.604938
41830,android.sensor.magnetic_field,63.88092,-28.878784,-18.296814
41921,android.sensor.gyroscope,0.6906738,-0.87127686,-0.31340027
42014,android.sensor.accelerometer,1.1132965,5.5299835,7.384552
42106,android.sensor.accelerometer,-0.5705414,5.300644,7.8929443
42204,android.sensor.accelerometer,-1.9368439,4.55101,7.6139984
42291,android.sensor.game_rotation_vector,0.049188472,0.30008456,0.8587018,0.41250563
42381,android.sensor.rotation_vector,0.12932508,0.27520233,0.6730758,0.6741718,0.17453292
42471,android.sensor.geomagnetic_rotation_vector,0.14747734,0.24550976,0.7253688,0.6259517,3.1415927
42562,android.sensor.accelerometer,-2.6790314,5.175064,7.443817
42651,android.sensor.linear_acceleration,0.24367237,-0.4428649,1.0041041
-42743,sound,89.77496156463172
42832,android.sensor.gyroscope,3.9672852E-4,-0.10523987,-0.02508545
42921,android.sensor.magnetic_field_uncalibrated,37.68158,-92.926025,-49.931335,-61.833984,-88.77106,-60.523987
43013,android.sensor.gyroscope,-0.097335815,-0.5450592,-0.0287323
43105,android.sensor.game_rotation_vector,0.027928334,0.29769728,0.83395165,0.46381137
43191,android.sensor.gyroscope,-0.20115662,-0.3630371,-0.58950806
43270,android.sensor.gyroscope,-0.14743042,-0.8126373,-0.86073303
43356,android.sensor.magnetic_field,94.91272,26.705933,-14.622498
43441,android.sensor.magnetic_field,87.2406,33.01544,-14.788818
43532,android.sensor.gyroscope,0.36569214,-0.5401764,-0.20465088
43606,android.sensor.rotation_vector,0.13107328,0.15281215,0.523697,0.8277739,0.17453292
43699,android.sensor.gyroscope,0.04928589,0.12075806,-0.32806396
43769,android.sensor.gyroscope,0.7627716,-0.6159363,0.1557312
43859,android.sensor.magnetic_field_uncalibrated,23.188782,-54.904175,-79.48761,-61.833984,-88.77106,-60.523987
43913,android.sensor.gyroscope,0.6088257,0.012023926,0.22903442
43969,android.sensor.geomagnetic_rotation_vector,0.15317982,0.18351091,0.52121794,0.8192628,3.1415927
44023,android.sensor.accelerometer,-1.543747,6.2582397,7.5510864
44112,android.sensor.gravity,-1.2001427,6.289272,7.427995
44207,android.sensor.gyroscope,0.24353027,-0.091812134,0.23268127
44294,android.sensor.gravity,-0.976047,6.641499,7.149001
44385,android.sensor.accelerometer,-1.0783386,7.1081543,6.720459
44471,android.sensor.accelerometer,0.1715393,7.0713654,11.08638
44561,android.sensor.gravity,-1.0091677,6.835794,6.958727
44651,android.sensor.magnetic_field_uncalibrated,30.52063,-64.96277,-75.312805,-61.833984,-88.77106,-60.523987
44725,android.sensor.linear_acceleration,-0.013065159,-0.3085184,0.97276354
44796,android.sensor.gyroscope,-0.2781372,-0.11013794,0.065322876
44881,android.sensor.accelerometer,-1.0471649,5.0144806,8.837509
44969,android.sensor.gravity,-0.62945503,5.2131147,8.282368
45061,android.sensor.rotation_vector,0.20416254,0.1808916,0.5547033,0.78606623,0.17453292
45153,android.sensor.accelerometer,-0.43223572,4.9776917,8.431366
45240,android.sensor.linear_acceleration,-0.098950714,-0.07957792,-0.3782997
45332,android.sensor.gravity,-0.4098123,4.6415987,8.628904
45421,android.sensor.orientation,288.90033,-27.288729,-2.5442822
45513,android.sensor.gyroscope,0.028518677,-0.030731201,-0.010406494
45603,android.sensor.orientation,289.59024,-25.92077,-1.1750636
45691,android.sensor.rotation_vector,0.17556405,0.14162633,0.55241954,0.80246615,0.17453292
45783,android.sensor.rotation_vector,0.17432159,0.13890353,0.5484309,0.8059413,0.17453292
45870,android.sensor.rotation_vector,0.15961263,0.14818877,0.5418372,0.8117736,0.17453292
45966,android.sensor.gravity,-0.79284585,4.069458,8.887142
46050,android.sensor.geomagnetic_rotation_vector,0.16029243,0.152372,0.5437544,0.80958027,3.1415927
46126,android.sensor.magnetic_field,101.39313,32.502747,-10.614014
46215,android.sensor.orientation,289.02502,-22.419376,-5.3090167
46305,android.sensor.gyroscope_uncalibrated,0.37927246,-0.047164917,-0.05076599,0.016021734,0.011657715,-0.02079773
46392,android.sensor.gyroscope,-0.06556702,-0.2909546,0.05065918
46481,android.sensor.magnetic_field,98.664856,33.866882,-17.628479
46574,android.sensor.gyroscope,-0.057022095,-0.1846466,0.007904053
46663,android.sensor.accelerometer,-0.52993774,4.2315674,8.821838
46750,android.sensor.gyroscope,0.05293274,-0.036819458,0.17770386
46825,android.sensor.gyroscope,-0.069229126,-0.035614014,0.14839172
46917,android.sensor.game_rotation_vector,0.12253225,0.17591982,0.7971345,0.5644596
47008,android.sensor.gravity,-0.0075327056,4.2158527,8.854203
47099,android.sensor.gravity,0.14872672,4.1904387,8.865015
47181,android.sensor.rotation_vector,0.18460032,0.113549165,0.57307893,0.7903226,0.17453292
47285,android.sensor.accelerometer,1.2555237,4.593033,5.2265625
47386,android.sensor.rotation_vector,0.18782729,0.103483,0.5775745,0.7876674,0.17453292
47480,android.sensor.gyroscope,0.02116394,-0.019744873,-0.26818848
47563,android.sensor.gyroscope,-0.093673706,-0.06982422,-0.08248901
47730,android.sensor.accelerometer,0.22177124,4.2523804,8.592575
47924,android.sensor.gyroscope,0.030960083,0.04499817,0.017669678
48018,android.sensor.magnetic_field,93.89038,27.729797,-21.969604
48102,android.sensor.rotation_vector,0.18270046,0.12252656,0.5709732,0.79094714,0.17453292
48208,android.sensor.gravity,0.13496076,4.198577,8.861384
48286,android.sensor.gyroscope,-0.044799805,-0.02949524,-0.047058105
48373,android.sensor.gravity,0.07841877,4.110343,8.903332
48460,android.sensor.magnetic_field,96.276855,28.070068,-19.966125
48608,android.sensor.gyroscope,0.055374146,0.10609436,0.01399231
48693,android.sensor.magnetic_field,94.74335,27.558899,-19.799805
49031,android.sensor.gyroscope,0.28874207,-0.075927734,0.1227417
49247,android.sensor.magnetic_field,97.12982,29.605103,-17.12799
49333,android.sensor.accelerometer,-0.7640991,3.9476166,8.839462
49423,android.sensor.gyroscope,0.012634277,-0.025848389,0.06654358
49514,android.sensor.gyroscope,0.14089966,0.15252686,0.024993896
49601,android.sensor.gravity,-0.7445608,4.064755,8.893469
49691,android.sensor.orientation,287.48862,-23.99978,-4.5527973
49784,android.sensor.gravity,-0.7943771,3.9693081,8.932186
49874,android.sensor.game_rotation_vector,0.08621178,0.19262843,0.79675037,0.5662603
49962,android.sensor.gyroscope_uncalibrated,0.16914368,-0.11680603,0.11904907,0.016021734,0.011657715,-0.02079773
50052,android.sensor.accelerometer,-0.59994507,3.8941345,8.448837
50143,android.sensor.rotation_vector,0.14739431,0.15351956,0.57279396,0.7915894,0.17453292
50222,android.sensor.gravity,-0.7075513,3.966361,8.940791
50314,android.sensor.gyroscope,-0.0912323,-0.017303467,0.05432129
50402,android.sensor.gravity,-0.8487757,3.784485,9.007089
50492,android.sensor.gyroscope_uncalibrated,-1.1087494,0.0065612793,0.60040283,0.016021734,0.011657715,-0.02079773
50582,android.sensor.gyroscope,0.42189026,0.6974182,0.87042236
50673,android.sensor.gyroscope,0.14456177,0.07432556,-0.65670776
50759,android.sensor.rotation_vector,0.038821474,0.17407033,0.6109239,0.77133936,0.17453292
50851,android.sensor.accelerometer,-1.4472504,3.147766,8.277557
50944,android.sensor.gyroscope,0.18977356,-0.3483734,-0.06661987
51032,android.sensor.linear_acceleration,-0.14741564,-0.16935992,0.5146761
51121,android.sensor.game_rotation_vector,0.039781094,0.19656298,0.8191072,0.53744197
51327,android.sensor.gyroscope,-0.053344727,-0.10647583,-0.0128479
51416,android.sensor.accelerometer,-0.9376221,4.0635376,8.746262
51504,android.sensor.linear_acceleration,0.14724576,-0.01874566,0.3266182
51591,android.sensor.linear_acceleration,0.17216563,-0.4526589,0.14344978
51683,android.sensor.magnetic_field,94.57245,33.52661,-15.2908325
51774,android.sensor.gyroscope,-0.17184448,-0.26895142,-0.13502502
51871,android.sensor.gyroscope,0.25697327,-0.18344116,-0.13136292
51961,android.sensor.gravity,-0.66266924,3.5946548,9.099984
52052,android.sensor.gyroscope,0.011398315,0.13175964,0.0054626465
52143,android.sensor.gyroscope,0.13601685,0.2649231,0.021347046
52223,android.sensor.accelerometer,-1.2046051,3.4936218,8.284576
52299,android.sensor.gyroscope,0.12623596,0.1378479,0.16671753
52382,android.sensor.rotation_vector,0.15482482,0.16876575,0.56662667,0.79150593,0.17453292
52471,android.sensor.geomagnetic_rotation_vector,0.1414351,0.15659729,0.54746085,0.8097901,3.1415927
52551,android.sensor.gyroscope_uncalibrated,-0.05444336,-0.009307861,0.04084778,0.016021734,0.011657715,-0.02079773
52639,android.sensor.magnetic_field,98.15216,30.969238,-10.78186
52702,android.sensor.gyroscope,0.06271362,-0.036819458,0.07875061
52790,android.sensor.linear_acceleration,0.118747115,0.23723269,0.22798538
52883,android.sensor.gravity,-0.88269943,4.110553,8.859717
52975,android.sensor.accelerometer,-1.1859283,4.1424103,9.107819
53061,android.sensor.linear_acceleration,-0.08335841,-0.108150005,-0.20652962
53151,android.sensor.rotation_vector,0.1535511,0.15960382,0.58240175,0.78214884,0.17453292
53243,android.sensor.magnetic_field,94.74335,29.945374,-13.119507
53331,android.sensor.gyroscope,-0.033813477,-0.13700867,5.79834E-4
53382,android.sensor.gyroscope_uncalibrated,-0.2853241,0.12997437,-0.17292786,0.016021734,0.011657715,-0.02079773
53476,android.sensor.magnetic_field,92.526245,33.184814,-13.619995
53562,android.sensor.magnetic_field,91.33301,35.743713,-13.453674
53651,android.sensor.magnetic_field,90.65094,36.766052,-15.122986
53729,android.sensor.gyroscope,0.0541687,0.06211853,-0.09593201
53814,android.sensor.magnetic_field,89.627075,36.766052,-12.785339
53904,android.sensor.rotation_vector,0.16651888,0.15854077,0.542214,0.8081709,0.17453292
53996,android.sensor.gyroscope,0.035842896,-0.0050964355,0.1374054
54086,android.sensor.gyroscope,0.115249634,0.17573547,0.174057
54177,android.sensor.gyroscope,0.24964905,0.4530487,0.06288147
54354,android.sensor.gyroscope,-0.8450165,-1.3440704,-0.40013123
54441,android.sensor.geomagnetic_rotation_vector,0.2088108,0.17673136,0.51087475,0.8149669,3.1415927
54605,android.sensor.gyroscope,0.95822144,-1.176712,-0.21200562
54692,android.sensor.geomagnetic_rotation_vector,0.2750177,0.1693988,0.5172095,0.79256773,3.1415927
54765,android.sensor.rotation_vector,0.32883248,0.1198434,0.5392303,0.7659879,0.17453292
54857,android.sensor.gyroscope,0.12257385,-0.25186157,-0.075164795
54942,android.sensor.gravity,1.8063315,6.4942956,7.1226177
55031,android.sensor.gyroscope,0.103027344,-0.10279846,0.097076416
55131,android.sensor.magnetic_field,80.93109,15.112305,-34.327698
55227,android.sensor.rotation_vector,0.36249143,0.12722087,0.5353602,0.7521996,0.17453292
55311,android.sensor.gyroscope,-0.18772888,0.16596985,-0.1277008
55367,android.sensor.accelerometer,0.8061981,6.19368,6.569626
55452,android.sensor.gravity,1.2154382,6.3826694,7.3453817
55540,android.sensor.magnetic_field_uncalibrated,21.995544,-60.871887,-93.68286,-61.833984,-88.77106,-60.523987
55638,android.sensor.gyroscope,-0.43328857,0.23927307,0.020111084
55722,android.sensor.rotation_vector,0.27691525,0.147368,0.56746596,0.7613035,0.17453292
55805,android.sensor.gyroscope_uncalibrated,-0.02633667,0.43296814,0.056732178,0.016021734,0.011657715,-0.02079773
55893,android.sensor.accelerometer,0.10964966,4.9730377,6.6298523
55986,android.sensor.gyroscope,-0.16819763,0.4799347,0.01890564
56072,android.sensor.rotation_vector,0.26710472,0.15184699,0.58125436,0.75348586,0.17453292
56164,android.sensor.magnetic_field,97.98279,18.862915,-27.6474
-56253,sound,89.75859704463737
56344,android.sensor.orientation,289.81488,-37.96766,11.39064
56431,android.sensor.gyroscope_uncalibrated,0.2082367,-0.19866943,-0.24380493,0.016021734,0.011657715,-0.02079773
56521,android.sensor.gyroscope_uncalibrated,-0.307312,0.25701904,-0.21447754,0.016021734,0.011657715,-0.02079773
56584,android.sensor.magnetic_field,85.1944,15.281677,-42.50946
56671,android.sensor.gravity,1.9995472,5.9566126,7.5293403
56763,android.sensor.rotation_vector,0.3141213,0.10592759,0.5556155,0.762495,0.17453292
56852,android.sensor.geomagnetic_rotation_vector,0.314366,0.13750106,0.539542,0.76887053,3.1415927
56949,android.sensor.rotation_vector,0.3131367,0.11016775,0.5647551,0.7555529,0.17453292
57045,android.sensor.game_rotation_vector,0.25844136,0.20784658,0.7843638,0.52419585
57125,android.sensor.orientation,288.98428,-36.48312,11.1357355
57217,android.sensor.accelerometer,0.73213196,5.8079376,8.308105
57289,android.sensor.magnetic_field,88.60474,12.213135,-39.837646
57379,android.sensor.geomagnetic_rotation_vector,0.29736978,0.12970756,0.5580947,0.76372606,3.1415927
57462,android.sensor.gyroscope,0.34371948,-0.15411377,0.45381165
57556,android.sensor.magnetic_field,89.627075,3.3462524,-36.83319
57641,android.sensor.magnetic_field,87.92267,4.710388,-29.484558
57732,android.sensor.gyroscope,-0.15475464,0.27957153,0.84477234
57823,android.sensor.gyroscope,-0.0423584,0.880661,0.53567505
57912,android.sensor.rotation_vector,0.1914177,0.09210168,0.69464976,0.6872687,0.17453292
57974,android.sensor.gyroscope,-0.09855652,-2.0086975,-0.36593628
58064,android.sensor.geomagnetic_rotation_vector,0.22033143,0.113381535,0.6560306,0.71289724,0.17453292
58152,android.sensor.geomagnetic_rotation_vector,0.2111534,0.112348326,0.66602015,0.70654744,0.17453292
58245,android.sensor.magnetic_field,77.00958,-3.4744263,-18.797302
58331,android.sensor.gyroscope,0.6173706,-0.8969269,0.42451477
58413,android.sensor.gravity,1.1476268,3.9639215,8.896104
58503,android.sensor.gravity,1.0922488,4.4601,8.6651535
58570,android.sensor.accelerometer,1.1134338,4.534958,7.053238
58651,android.sensor.magnetic_field,79.737854,7.7804565,-25.810242
58742,android.sensor.gravity,0.36878845,4.137861,8.88327
58832,android.sensor.gravity,0.27065834,4.754555,8.572708
58926,android.sensor.gyroscope,-0.71183777,0.6045532,-0.60417175
58992,android.sensor.gyroscope,0.2032013,0.1512909,-0.031173706
59087,android.sensor.rotation_vector,0.15487976,0.17252497,0.61525345,0.7534657,0.17453292
59177,android.sensor.gravity,-0.92782503,4.1886525,8.81843
59259,android.sensor.gyroscope_uncalibrated,0.2778778,-0.38435364,0.38539124,0.016021734,0.011657715,-0.02079773
59350,android.sensor.accelerometer,-2.668167,4.2252655,9.924194
59419,android.sensor.gyroscope,-0.027694702,-0.49987793,0.07997131
59512,android.sensor.accelerometer,0.45205688,4.6673737,7.687088
59601,android.sensor.gravity,-0.14193204,4.126509,8.895064
59692,android.sensor.gyroscope,0.7175598,-0.42778015,-0.039733887
59749,android.sensor.accelerometer,0.20463562,5.3699493,8.732025
59831,android.sensor.gyroscope,0.45733643,-0.46443176,-0.047058105
59922,android.sensor.magnetic_field,65.58533,1.4709473,-26.646423
60018,android.sensor.gyroscope,0.42312622,-0.6550293,0.7079468
60071,android.sensor.accelerometer,3.1401215,5.418869,8.041061
60160,android.sensor.rotation_vector,0.19142202,0.11106368,0.61412096,0.7575473,0.17453292
60252,android.sensor.gravity,0.16565962,4.0049143,8.950062
60324,android.sensor.rotation_vector,0.16630445,0.11347263,0.6071382,0.7686677,0.17453292
60410,android.sensor.accelerometer,0.45028687,3.196579,8.28215
60501,android.sensor.gyroscope_uncalibrated,-0.09719849,0.07254028,-0.067855835,0.016021734,0.011657715,-0.02079773
60576,android.sensor.rotation_vector,0.17922905,0.10043303,0.6191463,0.7579235,0.17453292
60662,android.sensor.magnetic_field,67.12036,0.95977783,-12.451172
60755,android.sensor.gyroscope,1.1708221,-0.075927734,0.29133606
60850,android.sensor.geomagnetic_rotation_vector,0.13987616,0.08814316,0.6795006,0.71480376,0.17453292
60936,android.sensor.accelerometer,1.8109741,4.588852,6.4321136
61030,android.sensor.magnetic_field,79.39758,15.963745,-5.7724
61111,android.sensor.gyroscope,0.27041626,0.04135132,0.23147583
61203,android.sensor.gravity,0.7877761,4.4915943,8.681899
61277,android.sensor.accelerometer,-0.26734924,3.9714203,8.671341
61333,android.sensor.magnetic_field,92.866516,19.544983,-19.966125
61425,android.sensor.gyroscope,0.54408264,-0.5609436,0.20826721
61513,android.sensor.rotation_vector,0.23696075,0.11198788,0.62217194,0.7377062,0.17453292
61608,android.sensor.accelerometer,1.1524353,4.123291,8.262314
61692,android.sensor.rotation_vector,0.21719587,0.1329193,0.6369567,0.7276294,0.17453292
61744,android.sensor.gyroscope_uncalibrated,0.14225769,0.19104004,0.60162354,0.016021734,0.011657715,-0.02079773
61828,android.sensor.magnetic_field,78.03345,7.0983887,-22.471619
61911,android.sensor.magnetic_field_uncalibrated,13.641357,-88.664246,-82.159424,-61.833984,-88.77106,-60.523987
62002,android.sensor.gyroscope,-0.06434631,0.03401184,-0.4429016
62092,android.sensor.rotation_vector,0.18175638,0.13079488,0.6599065,0.7172034,0.17453292
62183,android.sensor.accelerometer,-0.1950531,2.3509216,7.5234375
62264,android.sensor.gyroscope,-0.29400635,0.019348145,-0.4245758
62354,android.sensor.gyroscope,0.6528015,0.30645752,0.58699036
62442,android.sensor.gyroscope,-0.28912354,0.5642395,-0.86317444
62533,android.sensor.accelerometer,1.2568512,5.6515045,6.7240143
62621,android.sensor.accelerometer,0.49777222,3.3426208,8.344955
62712,android.sensor.gyroscope,-0.1962738,0.1671753,-0.04585266
62801,android.sensor.gyroscope,0.402359,0.5630188,-0.27062988
62893,android.sensor.accelerometer,-0.4433899,4.828247,8.191055
62951,android.sensor.rotation_vector,0.1449705,0.21683137,0.666202,0.698672,0.17453292
63044,android.sensor.magnetic_field,90.82031,2.1530151,-2.5985718
63110,android.sensor.gyroscope,-0.6324158,0.0034637451,0.0152282715
63201,android.sensor.gyroscope_uncalibrated,-0.02267456,0.28268433,-0.02999878,0.016021734,0.011657715,-0.02079773
63279,android.sensor.rotation_vector,0.10536821,0.24089107,0.6620747,0.7018021,0.17453292
63361,android.sensor.rotation_vector,0.103960566,0.24046487,0.6663204,0.69813037,0.17453292
63450,android.sensor.accelerometer,-1.9819641,4.4075165,9.018143
63543,android.sensor.gyroscope,0.21176147,0.040115356,0.0592041
63631,android.sensor.gravity,-1.8862385,4.6029367,8.451359
63723,android.sensor.geomagnetic_rotation_vector,0.080032624,0.22621584,0.65697,0.71471083,0.17453292
63806,android.sensor.gravity,-2.0225737,4.6997313,8.366129
63897,android.sensor.linear_acceleration,-0.41744208,-0.23808241,0.96054745
64010,android.sensor.gyroscope,-0.069229126,-0.060043335,-0.020187378
64097,android.sensor.gyroscope,-0.081451416,-0.06738281,-0.015289307
64183,android.sensor.gyroscope_uncalibrated,0.16914368,0.018798828,-0.039764404,0.016021734,0.011657715,-0.02079773
64271,android.sensor.magnetic_field,88.26294,1.6418457,-0.09460449
64361,android.sensor.game_rotation_vector,0.002448315,0.25280207,0.8767492,0.40914053
64451,android.sensor.accelerometer,-1.57164,4.704727,10.666946
64545,android.sensor.gyroscope,-0.4454956,-0.040496826,-0.1411438
64638,android.sensor.accelerometer,-1.33107,4.2812805,6.6784515
64721,android.sensor.gyroscope,0.07858276,0.13296509,-0.11425781
64812,android.sensor.rotation_vector,0.10353238,0.22372295,0.67152107,0.6987764,0.17453292
64873,android.sensor.orientation,269.72916,-27.221228,-10.3857765
64959,android.sensor.magnetic_field,87.75177,-1.2573242,-4.6035767
65039,android.sensor.orientation,269.1636,-27.774914,-12.067391
65124,android.sensor.gyroscope,-0.10710144,-0.21765137,0.14472961
65211,android.sensor.game_rotation_vector,8.0594106E-4,0.25789636,0.87708426,0.40523082
65275,android.sensor.gyroscope,0.5477295,0.27590942,0.028671265
65362,android.sensor.gyroscope,-0.011810303,-0.2298584,0.053100586
65453,android.sensor.gravity,-2.1005886,4.383513,8.517201
65527,android.sensor.gyroscope,-0.12054443,-0.3276062,0.17526245
65612,android.sensor.magnetic_field,88.60474,0.61798096,-4.7698975
65700,android.sensor.gravity,-1.9240676,4.2400994,8.6307535
65763,android.sensor.gyroscope,-0.45040894,-0.24330139,0.100753784
65848,android.sensor.rotation_vector,0.09001194,0.2293321,0.6746879,0.6957736,0.17453292
65931,android.sensor.gyroscope_uncalibrated,0.58451843,0.23136902,-0.015335083,0.016021734,0.011657715,-0.02079773
66021,android.sensor.geomagnetic_rotation_vector,0.04960924,0.21617934,0.66304445,0.7149668,3.1415927
66103,android.sensor.gyroscope,-0.12542725,-0.18832397,0.22291565
66166,android.sensor.magnetic_field,92.526245,-3.9855957,-8.944702
66234,android.sensor.gravity,-2.0862362,4.125243,8.648721
66326,android.sensor.gyroscope,0.19587708,0.08166504,0.010345459
66381,android.sensor.geomagnetic_rotation_vector,0.040495865,0.20698844,0.6737301,0.70823985,3.1415927
66473,android.sensor.rotation_vector,0.081240945,0.2223212,0.68230116,0.69169235,0.17453292
66564,android.sensor.accelerometer,-1.8542023,3.5955353,7.8567963
66645,android.sensor.gyroscope,-0.097335815,0.07432556,-0.1570282
66737,android.sensor.gyroscope_uncalibrated,0.1446991,0.34254456,-0.25601196,0.016021734,0.011657715,-0.02079773
66827,android.sensor.gyroscope,-0.5285797,-0.45954895,0.29377747
66918,android.sensor.gyroscope,0.032165527,0.5288086,-0.23277283
67008,android.sensor.magnetic_field,94.06128,-6.5429688,-14.122009
67101,android.sensor.gravity,-1.8167816,4.1012564,8.720631
67182,android.sensor.gyroscope,0.3192749,0.38954163,-0.018966675
67252,android.sensor.linear_acceleration,0.80714965,0.8620744,-1.8335238
67338,android.sensor.rotation_vector,0.07124861,0.2225065,0.68226874,0.69276536,0.17453292
67429,android.sensor.rotation_vector,0.051692408,0.24136667,0.67264485,0.6975808,0.17453292
67512,android.sensor.magnetic_field,89.79797,3.8574219,-3.2669067
67605,android.sensor.gravity,-2.5925858,3.9414508,8.597317
67693,android.sensor.gyroscope,-0.15963745,-0.020965576,0.1056366
67783,android.sensor.gyroscope_uncalibrated,-0.34396362,0.029785156,0.1129303,0.016021734,0.011657715,-0.02079773
67881,android.sensor.magnetic_field_uncalibrated,33.2489,-92.24548,-76.98364,-61.833984,-88.77106,-60.523987
67974,android.sensor.gyroscope,-0.060684204,0.05355835,-0.106933594
68062,android.sensor.game_rotation_vector,-0.030500425,0.22112246,0.8947728,0.38672495
68155,android.sensor.gyroscope,-0.06312561,-0.014862061,-0.04585266
68246,android.sensor.gyroscope,-0.058242798,-0.11746216,-0.029968262
68333,android.sensor.gravity,-2.3077366,3.6364508,8.810276
68423,android.sensor.gyroscope,-0.049697876,-0.040496826,-0.051940918
68498,android.sensor.linear_acceleration,-0.51480484,-0.95323586,0.38546467
68576,android.sensor.linear_acceleration,-0.20355296,-0.5246856,-0.26787472
68682,android.sensor.linear_acceleration,-0.6618197,-0.9664035,1.2022686
68773,android.sensor.accelerometer,-2.498825,2.9971771,8.760651
68830,android.sensor.gyroscope,-8.087158E-4,0.04499817,-0.09715271
68919,android.sensor.accelerometer,-3.0473022,2.659439,8.203964
69009,android.sensor.game_rotation_vector,-0.05980258,0.20865902,0.89104307,0.3986569
69062,android.sensor.gyroscope,0.10424805,0.051116943,0.037216187
69152,android.sensor.gyroscope,0.0859375,0.054779053,-0.023849487
69241,android.sensor.rotation_vector,0.019388402,0.21554852,0.6794444,0.7010836,0.17453292
69331,android.sensor.rotation_vector,0.017253146,0.21249495,0.68185425,0.6997307,0.17453292
69398,android.sensor.gyroscope,0.2080841,0.25024414,-0.048294067
69464,android.sensor.accelerometer,-3.058792,5.1101227,10.960495
69553,android.sensor.gravity,-3.1911504,3.1590574,8.718217
69641,android.sensor.gyroscope,0.8531647,0.05722046,0.13006592
69733,android.sensor.geomagnetic_rotation_vector,0.002974605,0.238917,0.6408095,0.72957045,0.17453292
69821,android.sensor.rotation_vector,0.02103489,0.25839373,0.6605239,0.70462644,0.17453292
69911,android.sensor.magnetic_field,86.216736,1.6418457,-9.44519
70003,android.sensor.gravity,-2.3235583,3.0829146,9.014827
70091,android.sensor.game_rotation_vector,-0.064874195,0.19613265,0.89264965,0.4006244
70181,android.sensor.geomagnetic_rotation_vector,-0.009103628,0.20183171,0.64808303,0.7342816,0.17453292
70271,android.sensor.gyroscope_uncalibrated,0.15447998,-0.08503723,-0.0849762,0.016021734,0.011657715,-0.02079773
70362,android.sensor.rotation_vector,0.019573938,0.21540128,0.67237866,0.7079026,0.17453292
70451,android.sensor.gyroscope,0.26306152,0.10609436,-0.23765564
70543,android.sensor.gyroscope,-0.033813477,0.015686035,-0.30607605
70633,android.sensor.gyroscope,0.06881714,-0.51452637,-0.11425781
70724,android.sensor.gyroscope,-0.032577515,-0.26895142,-0.18023682
70814,android.sensor.gyroscope,0.022399902,-0.28118896,-0.29751587
70904,android.sensor.gravity,-2.0637739,2.3520436,9.294037
70997,android.sensor.rotation_vector,0.058586724,0.1626705,0.6117222,0.77194685,0.17453292
71088,android.sensor.magnetic_field,83.488464,7.7804565,-31.488037
71172,android.sensor.gyroscope,1.3907318,-0.24209595,-0.17411804
71261,android.sensor.gyroscope,1.3540802,0.027908325,-0.0043182373
71353,android.sensor.magnetic_field,91.16211,-0.57525635,-27.313232
71441,android.sensor.game_rotation_vector,0.12926172,0.2960828,0.83807176,0.4396159
71532,android.sensor.rotation_vector,0.2655128,0.22447428,0.59466845,0.7249025,0.17453292
71620,android.sensor.rotation_vector,0.27952713,0.22004788,0.5937865,0.7217071,0.17453292
71712,android.sensor.gravity,-0.36832252,6.120366,7.653486
71776,android.sensor.gyroscope,0.75297546,-0.15779114,0.54055786
71861,android.sensor.rotation_vector,0.2819005,0.22399953,0.58650196,0.7255148,0.17453292
71952,android.sensor.gyroscope,-1.6513367,0.39074707,-0.08982849
72044,android.sensor.gravity,-0.5900802,3.9140513,8.972312
72134,android.sensor.gravity,-0.28949067,3.81211,9.030747
72225,android.sensor.gravity,-0.25139296,3.4372272,9.181104
72316,android.sensor.gravity,-0.2759597,3.233761,9.254027
72391,android.sensor.gravity,-0.2208675,3.25712,9.247312
72451,android.sensor.gyroscope_uncalibrated,-0.060546875,0.16783142,-0.06175232,0.016021734,0.011657715,-0.02079773
72548,android.sensor.accelerometer,-0.6544647,2.6277313,9.838318
72638,android.sensor.gyroscope,-0.12176514,0.014465332,0.07752991
72727,android.sensor.accelerometer,-1.2001648,1.8930511,9.5239105
72813,android.sensor.gyroscope,0.01751709,0.023025513,-0.07394409
72927,android.sensor.accelerometer,-0.4873352,2.596222,9.189301
72980,android.sensor.gyroscope_uncalibrated,-0.020233154,0.065216064,-0.07763672,0.016021734,0.011657715,-0.02079773
73045,android.sensor.orientation,278.94293,-16.77753,-3.049129
73127,android.sensor.gyroscope,0.22640991,-0.20297241,0.17037964
73212,android.sensor.gyroscope,0.10058594,-0.009979248,0.120285034
73303,android.sensor.gyroscope,0.0040740967,0.14762878,-0.103256226
73392,android.sensor.linear_acceleration,0.34181696,-0.42322373,0.6945467
73481,android.sensor.orientation,278.86896,-16.7706,-3.3226688
73561,android.sensor.game_rotation_vector,0.032754343,0.14386609,0.8936391,0.4238383
73672,android.sensor.game_rotation_vector,0.026327975,0.14549047,0.8917138,0.42776847
73762,android.sensor.orientation,279.8468,-16.015268,-5.501831
73855,android.sensor.magnetic_field,78.54462,9.655762,-29.318237
73942,android.sensor.game_rotation_vector,0.016986273,0.14565477,0.8931092,0.42526713
74041,android.sensor.accelerometer,-1.9582367,1.5367279,9.279648
74127,android.sensor.gyroscope,0.012634277,-0.19320679,0.21191406
74264,android.sensor.geomagnetic_rotation_vector,0.027163323,0.106224015,0.6261724,0.77193695,0.17453292
74359,android.sensor.magnetic_field,79.90875,8.973694,-29.652405
74427,android.sensor.gyroscope_uncalibrated,-0.19857788,0.16294861,-0.051971436,0.016021734,0.011657715,-0.02079773
74521,android.sensor.gyroscope,0.039489746,0.07798767,0.040878296
74578,android.sensor.gyroscope,0.013839722,-0.02217102,0.0750885
74671,android.sensor.gyroscope,-0.072906494,0.06455994,5.79834E-4
74763,android.sensor.gyroscope,-0.0741272,-1.8310547E-4,-0.031173706
74852,android.sensor.geomagnetic_rotation_vector,0.010276637,0.10651863,0.6346242,0.7653759,0.17453292
74942,android.sensor.geomagnetic_rotation_vector,0.0067152563,0.10262007,0.63688016,0.76407313,0.17453292
75034,android.sensor.accelerometer,-1.0037842,1.5010529,9.148407
75124,android.sensor.gyroscope,-0.104660034,0.18673706,-0.16191101
75187,android.sensor.geomagnetic_rotation_vector,0.0040283264,0.11079751,0.633881,0.7654427,0.17453292
75273,android.sensor.rotation_vector,0.0479249,0.12144559,0.6364892,0.760155,0.17453292
75365,android.sensor.accelerometer,-2.1714478,0.28918457,9.357193
75430,android.sensor.rotation_vector,0.05404766,0.116903,0.63821757,0.7590065,0.17453292
75523,android.sensor.gyroscope,0.08958435,-0.11380005,0.1056366
75613,android.sensor.gyroscope,-0.06556702,0.2685852,-0.30607605
75701,android.sensor.magnetic_field,80.76172,8.462524,-32.49054
75793,android.sensor.gyroscope,-0.31477356,-0.007537842,0.0042266846
75881,android.sensor.accelerometer,-1.3022003,0.97869873,10.237778
75975,android.sensor.gyroscope,-0.093673706,0.07798767,0.028671265
76061,android.sensor.gyroscope,-0.116882324,0.10243225,-0.06538391
76154,android.sensor.gyroscope,0.04928589,-0.027053833,-0.071502686
76242,android.sensor.gyroscope,0.02116394,0.07798767,-0.12281799
76322,android.sensor.magnetic_field,77.18048,12.042236,-31.990051
76410,android.sensor.rotation_vector,0.020021003,0.103053905,0.6360065,0.76450956,0.17453292
76494,android.sensor.accelerometer,-2.1135864,0.92852783,9.046371
76585,android.sensor.gyroscope,0.11891174,-0.031936646,0.13861084
76672,android.sensor.linear_acceleration,0.30526996,-0.46891534,0.041542053
76763,android.sensor.rotation_vector,0.013949589,0.09694824,0.636659,0.76489985,0.17453292
76850,android.sensor.gyroscope,-0.08023071,0.08898926,-0.015289307
76942,android.sensor.rotation_vector,0.0025642982,0.09826112,0.63597447,0.7654245,0.17453292
77033,android.sensor.gyroscope,-0.024032593,0.09387207,-0.03729248
77124,android.sensor.gyroscope,0.10546875,0.0071411133,0.032333374
77212,android.sensor.magnetic_field,77.69165,14.599609,-32.49054
77301,android.sensor.gyroscope_uncalibrated,0.06774902,0.03956604,0.007873535,0.016021734,0.011657715,-0.02079773
77401,android.sensor.accelerometer,-1.3936615,0.8226929,9.73941
77484,android.sensor.geomagnetic_rotation_vector,-0.008873457,0.09167142,0.61640614,0.7820237,0.17453292
77576,android.sensor.rotation_vector,-6.04466E-5,0.09845812,0.63241273,0.768349,0.17453292
77667,android.sensor.gyroscope,0.24108887,-0.26530457,0.1239624
77752,android.sensor.gravity,-1.2196732,1.6566406,9.588448
77844,android.sensor.gravity,-1.1270188,1.8517992,9.56405
77931,android.sensor.geomagnetic_rotation_vector,0.032367088,0.11178232,0.6172537,0.77810985,0.17453292
78025,android.sensor.accelerometer,-1.7277069,2.0300903,9.56781
78113,android.sensor.rotation_vector,0.0283751,0.11962288,0.62206954,0.77324945,0.17453292
78203,android.sensor.gyroscope,-0.11566162,0.11831665,0.065322876
78293,android.sensor.gravity,-1.6636248,1.6540589,9.521914
78384,android.sensor.accelerometer,-1.3843536,1.4683533,10.181778
78472,android.sensor.geomagnetic_rotation_vector,0.01774272,0.11547775,0.6298674,0.76786536,0.17453292
78563,android.sensor.gravity,-1.6563225,1.6190716,9.529197
78616,android.sensor.accelerometer,-1.6587677,2.0491943,9.803329
78710,android.sensor.geomagnetic_rotation_vector,0.023059556,0.11997856,0.63147104,0.7657139,0.17453292
78792,android.sensor.linear_acceleration,0.14248252,0.23351657,-0.5683155
78882,android.sensor.gyroscope,-0.003250122,0.10119629,-0.00920105
78975,android.sensor.magnetic_field,79.566956,9.655762,-30.319214
79064,android.sensor.geomagnetic_rotation_vector,0.028153514,0.12825717,0.6192601,0.7741282,0.17453292
79158,android.sensor.gyroscope,-0.0435791,0.12930298,-0.055618286
79249,android.sensor.gyroscope,-0.055786133,0.115875244,-0.027526855
79336,android.sensor.accelerometer,-1.8333282,2.3786163,9.545761
79423,android.sensor.game_rotation_vector,-0.06222959,0.13712484,0.91405046,0.37661117
79511,android.sensor.gyroscope,0.018722534,0.06455994,-0.07394409
79603,android.sensor.gyroscope,0.01751709,0.087768555,-0.050735474
79669,android.sensor.game_rotation_vector,-0.061513435,0.14757195,0.9105168,0.3813106
79751,android.sensor.geomagnetic_rotation_vector,0.03639311,0.15609749,0.6051889,0.77977914,0.17453292
79842,android.sensor.gyroscope,0.027282715,0.06088257,-0.042175293
79932,android.sensor.geomagnetic_rotation_vector,0.033092856,0.16029525,0.6030692,0.78071624,0.17453292
80021,android.sensor.rotation_vector,0.019800492,0.16349609,0.60988814,0.77518606,0.17453292
80111,android.sensor.game_rotation_vector,-0.061869156,0.15444499,0.90760946,0.38543996
80172,android.sensor.gravity,-2.2178645,2.2894049,9.274162
-80233,sound,87.01077486403621
80324,android.sensor.gyroscope,0.027282715,-0.007537842,0.03111267
80415,android.sensor.rotation_vector,0.03200624,0.16185753,0.61184937,0.7735749,0.17453292
80505,android.sensor.game_rotation_vector,-0.046479773,0.15677646,0.9107469,0.37921092
80598,android.sensor.gyroscope,0.043167114,-0.07348633,0.055541992
80683,android.sensor.accelerometer,-1.7316742,2.5501862,9.191452
80774,android.sensor.gyroscope,0.063934326,-0.033172607,0.01890564
80832,android.sensor.game_rotation_vector,-0.036331985,0.1598131,0.9126235,0.37451044
80884,android.sensor.accelerometer,-1.8969879,2.5451355,9.37352
80951,android.sensor.gyroscope,0.028518677,-0.02217102,0.027435303
81042,android.sensor.gyroscope,0.04560852,0.015686035,-0.00920105
81132,android.sensor.linear_acceleration,-0.22141516,-0.10010743,0.050621033
81222,android.sensor.gyroscope,0.04928589,-0.0625,0.056762695
81276,android.sensor.rotation_vector,0.052501507,0.1587604,0.61691284,0.7690626,0.17453292
81368,android.sensor.gyroscope,0.03340149,-0.028289795,0.007904053
81453,android.sensor.rotation_vector,0.054475456,0.1591186,0.6165663,0.76912916,0.17453292
81542,android.sensor.rotation_vector,0.05589835,0.1585798,0.61679083,0.76895833,0.17453292
81632,android.sensor.gravity,-1.711171,2.7595067,9.253508
81721,android.sensor.gyroscope_uncalibrated,0.04574585,-0.005645752,-0.004348755,0.016021734,0.011657715,-0.02079773
81813,android.sensor.gyroscope,0.022399902,-0.016067505,-0.010406494
81903,android.sensor.gyroscope,-0.013046265,-0.017303467,0.006668091
81985,android.sensor.accelerometer,-1.5946503,2.6988373,9.336365
82076,android.sensor.game_rotation_vector,-0.023713207,0.16546583,0.91315,0.37177384
82167,android.sensor.rotation_vector,0.060841683,0.15587658,0.6168254,0.76910806,0.17453292
-82260,sound,89.3713770544693
82351,android.sensor.orientation,281.14313,-17.017427,-9.397623
82443,android.sensor.gravity,-1.5692593,2.8335824,9.256274
82532,android.sensor.magnetic_field_uncalibrated,17.732239,-80.47943,-84.83276,-61.833984,-88.77106,-60.523987
82587,android.sensor.gyroscope,0.029724121,0.013244629,-0.0067596436
82673,android.sensor.gyroscope,0.019958496,0.014465332,0.01890564
-82738,sound,89.62684569704965
82823,android.sensor.rotation_vector,0.0635154,0.15745986,0.61783916,0.7677545,0.17453292
82911,android.sensor.gravity,-1.6086831,2.8639095,9.24016
83000,android.sensor.gyroscope_uncalibrated,0.031097412,0.029785156,-0.031204224,0.016021734,0.011657715,-0.02079773
83094,android.sensor.gyroscope,0.027282715,0.024230957,-0.011642456
83181,android.sensor.gyroscope,0.035842896,0.0034637451,0.0054626465
83233,android.sensor.game_rotation_vector,-0.021794472,0.16943769,0.9127923,0.37097982
83322,android.sensor.gyroscope,-0.2793579,0.39198303,-0.27796936
83431,android.sensor.geomagnetic_rotation_vector,0.051739264,0.15815713,0.6136724,0.77182615,0.17453292
83511,android.sensor.orientation,281.75262,-16.019562,-10.634858
83604,android.sensor.gyroscope,0.0382843,-0.02217102,0.0921936
83684,android.sensor.gyroscope,0.0541687,-0.100357056,0.1056366
83745,android.sensor.gyroscope,0.022399902,-0.013626099,-0.0128479
83832,android.sensor.gravity,-1.7047464,2.7659516,9.252769
83923,android.sensor.accelerometer,-1.8065948,2.725891,9.289673
84012,android.sensor.gyroscope,0.035842896,-0.08203125,0.084869385
84106,android.sensor.accelerometer,-1.7883759,2.666977,9.3572235
84193,android.sensor.gyroscope,-0.013046265,-0.09303284,0.03843689
84245,android.sensor.magnetic_field,79.055786,8.802795,-24.809265
84339,android.sensor.gyroscope,-0.014251709,-0.031936646,0.027435303
84421,android.sensor.gyroscope_uncalibrated,0.009094238,0.033447266,-0.0031280518,0.016021734,0.011657715,-0.02079773
84516,android.sensor.magnetic_field,80.76172,8.120728,-25.810242
84611,android.sensor.gyroscope,0.0077209473,0.004699707,-0.0043182373
84695,android.sensor.orientation,280.8716,-16.605715,-9.242838
84782,android.sensor.magnetic_field,79.055786,9.484863,-25.143433
84871,android.sensor.geomagnetic_rotation_vector,0.057102997,0.15188153,0.6137376,0.7726561,0.17453292
84963,android.sensor.accelerometer,-1.6236877,2.6941986,9.343246
85054,android.sensor.gyroscope,0.02116394,-0.0050964355,5.79834E-4
85142,android.sensor.gravity,-1.6044312,2.7990663,9.260746
85234,android.sensor.game_rotation_vector,-0.02300558,0.16571249,0.9146313,0.36804843
85321,android.sensor.gyroscope_uncalibrated,0.032302856,0.0016784668,-0.00680542,0.016021734,0.011657715,-0.02079773
85402,android.sensor.gyroscope,-8.087158E-4,-0.011184692,-0.010406494
85492,android.sensor.gyroscope,0.013839722,0.016906738,0.0042266846
85583,android.sensor.gyroscope,0.023605347,0.026672363,0.0017852783
85672,android.sensor.rotation_vector,0.059252042,0.15968277,0.6171216,0.7682132,0.17453292
-85749,sound,82.07060126856749
85826,android.sensor.geomagnetic_rotation_vector,0.056968115,0.15707266,0.615893,0.7699082,0.17453292
85912,android.sensor.gravity,-1.6666355,2.8245745,9.241996
85974,android.sensor.magnetic_field,79.226685,8.291626,-23.306274
86061,android.sensor.gyroscope,0.027282715,0.024230957,-0.017730713
86152,android.sensor.gyroscope,0.019958496,-0.011184692,0.024993896
86242,android.sensor.magnetic_field,80.24902,10.33783,-24.308777
86329,android.sensor.gyroscope,-0.0056915283,-0.016067505,5.79834E-4
86408,android.sensor.magnetic_field,81.27289,8.973694,-23.306274
86491,android.sensor.accelerometer,-1.5908813,2.8099518,9.106018
86581,android.sensor.gyroscope,0.0040740967,0.015686035,-0.0128479
86691,android.sensor.gyroscope,-0.026473999,-0.02217102,-0.015289307
86782,android.sensor.rotation_vector,0.060880154,0.15848514,0.6177057,0.7678644,0.17453292
86861,android.sensor.orientation,280.94196,-17.070333,-9.767241
86953,android.sensor.accelerometer,-1.7986908,2.7885895,9.160812
87043,android.sensor.gyroscope,0.02116394,0.019348145,0.0054626465
87132,android.sensor.magnetic_field_uncalibrated,17.903137,-80.65033,-85.33325,-61.833984,-88.77106,-60.523987
87223,android.sensor.gyroscope,-0.0093688965,0.0022583008,-0.0128479
87315,android.sensor.magnetic_field,82.125854,8.802795,-23.138428
87404,android.sensor.gravity,-1.6851764,2.8390281,9.234202
87493,android.sensor.geomagnetic_rotation_vector,0.058222134,0.15877545,0.61784405,0.7678993,0.17453292
87582,android.sensor.gyroscope,-0.004486084,-0.0625,0.016448975
87673,android.sensor.gyroscope,-0.014251709,-0.11746216,-0.036071777
87763,android.sensor.gyroscope,-0.020370483,-0.15899658,-0.11303711
87853,android.sensor.magnetic_field,76.66931,12.213135,-27.815247
87941,android.sensor.gravity,-1.2569541,2.6486099,9.358169
88005,android.sensor.gravity,-1.2398489,2.5960717,9.375157
88091,android.sensor.geomagnetic_rotation_vector,0.06455615,0.1425498,0.6001611,0.7844226,0.17453292
88166,android.sensor.gyroscope,-0.0435791,0.10243225,-0.022644043
88256,android.sensor.accelerometer,-1.0695496,2.58815,9.504242
88310,android.sensor.gravity,-1.1653453,2.6868184,9.359133
88378,android.sensor.gyroscope,0.04928589,0.0095825195,-0.032409668
88462,android.sensor.magnetic_field_uncalibrated,16.19873,-76.55792,-91.01105,-61.833984,-88.77106,-60.523987
88551,android.sensor.linear_acceleration,0.4068793,-0.02354145,0.44998264
88643,android.sensor.game_rotation_vector,-0.007094306,0.14977653,0.91283655,0.3797975
88734,android.sensor.gyroscope,0.013839722,0.06088257,-0.06417847
88820,android.sensor.orientation,283.68106,-15.603505,-7.302898
88891,android.sensor.gyroscope,0.063934326,0.008346558,-0.03729248
88980,android.sensor.orientation,283.8473,-15.855114,-7.044099
89072,android.sensor.accelerometer,-1.2052917,2.624054,9.577087
89163,android.sensor.gyroscope,0.043167114,-0.035614014,0.0579834
89244,android.sensor.gyroscope,-0.06800842,0.032791138,-0.023849487
89334,android.sensor.gyroscope,0.032165527,0.008346558,0.0152282715
89425,android.sensor.gyroscope,-0.013046265,0.16841125,-0.10203552
89512,android.sensor.gyroscope,-0.037460327,-0.18954468,0.16181946
89569,android.sensor.accelerometer,-0.7311249,2.5691528,9.313278
89658,android.sensor.gyroscope,0.013839722,-0.0038604736,-0.062942505
89742,android.sensor.gyroscope,-0.026473999,-0.060043335,0.076309204
89831,android.sensor.rotation_vector,0.07467442,0.13224451,0.6023647,0.78364015,0.17453292
89921,android.sensor.magnetic_field_uncalibrated,15.856934,-77.58179,-90.008545,-61.833984,-88.77106,-60.523987
90012,android.sensor.accelerometer,-1.0651398,2.5956573,9.275345
90101,android.sensor.game_rotation_vector,-0.0028889882,0.14526227,0.912588,0.38219583
90197,android.sensor.rotation_vector,0.070948265,0.1285072,0.60080796,0.7858003,0.17453292
90266,android.sensor.gyroscope,-0.013046265,-0.041732788,0.040878296
90347,android.sensor.accelerometer,-1.4044342,2.493866,9.286758
90412,android.sensor.gyroscope,-0.041137695,-0.024612427,0.007904053
90503,android.sensor.gyroscope,-0.06678772,-0.033172607,0.01890564
90592,android.sensor.game_rotation_vector,-0.0062174313,0.14022154,0.91498405,0.37829012
90665,android.sensor.gravity,-1.1258771,2.4769692,9.421646
90756,android.sensor.accelerometer,-1.0757751,2.3848724,9.1922
90831,android.sensor.gravity,-1.1135303,2.4523082,9.429561
90916,android.sensor.gyroscope,0.0016326904,0.0095825195,-0.007965088
91007,android.sensor.linear_acceleration,-0.074023604,-0.06979513,-0.10332012
91092,android.sensor.gravity,-1.0980979,2.443673,9.433612
91184,android.sensor.gravity,-1.0919688,2.4412522,9.43495
91275,android.sensor.gyroscope_uncalibrated,0.017654419,0.05545044,-0.016571045,0.016021734,0.011657715,-0.02079773
91362,android.sensor.rotation_vector,0.06352903,0.12056348,0.60088885,0.78763,0.17453292
91451,android.sensor.rotation_vector,0.06291698,0.12054732,0.60113317,0.7874952,0.17453292
91545,android.sensor.gyroscope,0.0040740967,-0.013626099,0.024993896
91631,android.sensor.gyroscope,0.027282715,0.03401184,-0.018966675
91721,android.sensor.accelerometer,-1.170517,2.3134766,9.386795
91812,android.sensor.gyroscope,0.027282715,0.014465332,-0.0128479
91906,android.sensor.accelerometer,-1.0966187,2.4117126,9.286423
91996,android.sensor.rotation_vector,0.061944682,0.12533976,0.5971598,0.7898436,0.17453292
92081,android.sensor.accelerometer,-1.2227325,2.3146362,9.418793
92172,android.sensor.gravity,-1.1752644,2.398954,9.435791
92263,android.sensor.gravity,-1.1490303,2.3754172,9.444973
92351,android.sensor.gyroscope,-0.011810303,0.020584106,0.012786865
92441,android.sensor.gyroscope,-0.010604858,-0.027053833,0.03967285
92532,android.sensor.gyroscope,-0.013046265,0.012023926,-0.0030822754
92622,android.sensor.rotation_vector,0.058622424,0.11835832,0.5985758,0.79010236,0.17453292
92702,android.sensor.magnetic_field,73.08807,14.08844,-28.98407
92769,android.sensor.gyroscope,-0.0093688965,-0.011184692,0.037216187
92858,android.sensor.rotation_vector,0.056291718,0.114235744,0.60105944,0.7889924,0.17453292
92941,android.sensor.gyroscope,-0.037460327,-0.036819458,0.037216187
93031,android.sensor.gyroscope,-0.069229126,-0.017303467,0.0152282715
93120,android.sensor.rotation_vector,0.05314047,0.11138793,0.60235524,0.78862983,0.17453292
93211,android.sensor.accelerometer,-1.028183,2.0290375,9.308685
93303,android.sensor.gyroscope,0.03340149,0.25024414,-0.036071777
93393,android.sensor.magnetic_field,73.94104,13.5772705,-25.143433
93483,android.sensor.accelerometer,-1.1504059,2.2039948,9.084457
93572,android.sensor.game_rotation_vector,-0.029894022,0.1282435,0.9233203,0.36074862
93661,android.sensor.magnetic_field,72.065735,13.066101,-25.978088
93752,android.sensor.gravity,-1.3729292,2.175138,9.463309
93841,android.sensor.gyroscope,0.10058594,0.059661865,-0.036071777
93931,android.sensor.accelerometer,-1.5830383,2.3252869,9.181976
94023,android.sensor.gravity,-1.6458355,2.3806727,9.369846
94113,android.sensor.gyroscope,0.008956909,0.047454834,-0.00920105
94204,android.sensor.gyroscope,0.011398315,0.015686035,-0.0067596436
94292,android.sensor.game_rotation_vector,-0.03767226,0.14752127,0.9205802,0.35965306
94385,android.sensor.magnetic_field,75.476074,12.384033,-20.968628
94472,android.sensor.gyroscope_uncalibrated,0.034744263,0.0016784668,0.0029907227,0.016021734,0.011657715,-0.02079773
94562,android.sensor.gravity,-1.7557827,2.3888385,9.347784
94642,android.sensor.gyroscope,0.026046753,0.018127441,-0.02508545
94715,android.sensor.rotation_vector,0.041709766,0.14859766,0.60300535,0.7826644,0.17453292
94802,android.sensor.orientation,283.4861,-14.461389,-10.453562
94895,android.sensor.gyroscope,0.0382843,0.018127441,-0.015289307
94983,android.sensor.accelerometer,-1.7977295,2.3814087,9.31102
95074,android.sensor.gravity,-1.8002402,2.3990939,9.336695
95145,android.sensor.gravity,-1.8140771,2.4105246,9.331071
95233,android.sensor.rotation_vector,0.040576417,0.15222688,0.6006352,0.78384817,0.17453292
95302,android.sensor.gyroscope,-0.011810303,-0.012420654,0.020111084
95382,android.sensor.accelerometer,-1.827652,2.255188,9.417587
95448,android.sensor.gyroscope,0.027282715,0.016906738,-0.0287323
95531,android.sensor.geomagnetic_rotation_vector,0.038918022,0.14855951,0.6004028,0.78481334,0.17453292
95623,android.sensor.magnetic_field,73.94104,13.235474,-18.797302
95712,android.sensor.linear_acceleration,-0.06260097,-0.22152472,0.2202568
95802,android.sensor.gravity,-1.9680976,2.376803,9.308479
95894,android.sensor.magnetic_field_uncalibrated,11.424255,-73.82965,-77.65198,-61.833984,-88.77106,-60.523987
95982,android.sensor.linear_acceleration,-0.13928366,-0.068262815,-0.015167236
96076,android.sensor.rotation_vector,0.030575324,0.15689042,0.59774464,0.7855902,0.17453292
96170,android.sensor.accelerometer,-2.029541,2.2626495,9.221619
96253,android.sensor.geomagnetic_rotation_vector,0.030631753,0.1545353,0.59333706,0.78938687,0.17453292
96342,android.sensor.gravity,-2.112826,2.3254497,9.289706
96432,android.sensor.linear_acceleration,0.052542686,-0.13370728,0.04864025
96524,android.sensor.rotation_vector,0.029053435,0.16099885,0.5950935,0.78682846,0.17453292
96615,android.sensor.magnetic_field,74.62311,15.281677,-16.459656
96701,android.sensor.gyroscope,0.043167114,-0.023406982,0.040878296
96794,android.sensor.accelerometer,-2.2220917,2.210617,9.093613
96883,android.sensor.rotation_vector,0.027472092,0.16416909,0.59361243,0.7873488,0.17453292
96972,android.sensor.accelerometer,-2.18956,2.2667542,9.131943
97034,android.sensor.gyroscope_uncalibrated,0.028656006,0.017562866,-0.0104522705,0.016021734,0.011657715,-0.02079773
97121,android.sensor.rotation_vector,0.026929868,0.16409504,0.5932319,0.78766966,0.17453292
97211,android.sensor.gravity,-2.2721481,2.304283,9.257322
97301,android.sensor.gyroscope,0.0382843,-0.03805542,0.0042266846
97389,android.sensor.gyroscope_uncalibrated,0.013977051,0.08354187,-0.060531616,0.016021734,0.011657715,-0.02079773
97492,android.sensor.geomagnetic_rotation_vector,0.023762783,0.16413349,0.58922976,0.79076153,0.17453292
97608,android.sensor.gyroscope_uncalibrated,0.040863037,0.013916016,-0.044647217,0.016021734,0.011657715,-0.02079773
97693,android.sensor.gyroscope,0.018722534,0.040115356,-0.0287323
97773,android.sensor.magnetic_field,71.89484,15.963745,-14.456177
97862,android.sensor.rotation_vector,0.02449653,0.16777378,0.5922748,0.7876944,0.17453292
97951,android.sensor.rotation_vector,0.026124572,0.16621712,0.5928924,0.7875075,0.17453292
98022,android.sensor.linear_acceleration,0.008090973,-0.030724049,0.045039177
98096,android.sensor.gyroscope,-0.024032593,-0.014862061,0.0054626465
98173,android.sensor.rotation_vector,0.026629938,0.16570155,0.59360206,0.78706443,0.17453292
98263,android.sensor.gravity,-2.2384534,2.3416798,9.256146
98351,android.sensor.gyroscope,-0.025253296,0.035232544,-0.0287323
98442,android.sensor.rotation_vector,0.02621655,0.16652344,0.59343255,0.78703266,0.17453292
98574,android.sensor.gyroscope,0.011398315,0.06578064,0.007904053
98651,android.sensor.geomagnetic_rotation_vector,0.022521067,0.16683067,0.59202504,0.78814125,0.17453292
